reporting_year,secteur_secteur,eges_secteur,CA_rate,VA_rate,CA_export_rate,EBE_rate,Bilan_rate,VAT_rate,NbEmploye_rate,Salaire_rate,invest_rate,ges_rate
2019,tertiaire,17.76707528413352,1.2812011287026356e-05,2.8734170284054367e-05,3.4257033126565067e-06,0.12862223897339345,4.5340787924059295e-08,8.231120442680221e-08,1.6587255597106857e-05,1.5202384520357893e-05,0.0,4.279648466798404e-06
2017,indus_manu,176.198941319901,2.6870017493254006e-05,1.8099330721380255e-05,1.6138627735845144e-06,0.20449173792319128,9.333860831387127e-08,8.679108264236522e-08,2.0031215595485846e-05,1.150315852514923e-05,0.0,7.659477134779e-07
2018,dechets,30.082911128215187,0.0008868690364965367,0.0010854067258386337,0.0,1.3011145202916132,5.8448124987929395e-06,8.207970508475464e-07,0.00026861449426527777,0.0013105171292691281,6.944229991645543e-07,4.717869622221973e-06
2015,indus_manu,173.98566161852662,1.2632037605880258e-05,1.3155083027449489e-05,3.2530795184378524e-05,0.12064800604430287,1.1073208699421258e-07,1.6504299807465724e-07,1.6466303214636116e-05,1.3184903100144451e-05,0.0,2.0052583515367966e-07
2020,tertiaire,2.8836630407333605,2.4223180517226223e-05,1.8610020265673975e-05,1.8696665382204388e-07,0.12455010789999109,8.80462088961269e-08,1.7513141144229217e-07,2.0657593410929906e-06,2.1349770566260216e-05,0.0,6.90353653541411e-09
2021,tertiaire,88.04158467168689,6.678691614431502e-06,1.616375598367287e-05,0.0,0.05862346685771081,1.5344565880860795e-07,1.5344565880860795e-07,5.295241669553867e-07,9.741740547124884e-06,0.0,2.008006480807933e-08
2019,indus_manu,168.33420099980626,3.676785006589489e-05,2.1519203679457067e-05,1.6607884868960155e-10,0.29511487238833545,8.217650634083947e-08,8.693694850146581e-08,2.2907357753615063e-06,1.6090275206029396e-05,0.0,1.7858117839932258e-08
2020,transport,230.0129657478018,0.00041441022309093866,0.0002746999229483234,0.0001919247917725956,1.858537903294711,1.5106120622259923e-06,1.002364551958883e-06,1.4881619458426627e-07,0.00016188440816879287,1.474489017088008e-07,1.955291338394129e-09
2020,tertiaire,10.593657683605292,1.0727227140915767e-05,7.5333411279228925e-06,1.0470915652787032e-07,0.04760358100404736,2.6601309179613105e-08,1.4528030586377604e-07,2.9564495587153903e-07,8.817511364346557e-06,0.0,1.8191455431976083e-10
2019,tertiaire,17.76707528413352,3.816626727645608e-06,4.835039161847872e-06,1.7348610062281472e-08,0.04318545631437678,7.595828563384747e-09,8.332789189135686e-09,7.118993818500797e-08,6.496774350759508e-06,0.0,2.9788102355110223e-08
2020,tertiaire,2.8836630407333605,6.452392168033411e-05,5.3917505094993593e-05,1.3239319549224477e-06,0.299450600215247,4.3927197186176634e-07,8.936325766841376e-08,5.164398352732477e-07,3.8978923026854614e-05,0.0,5.388126076420769e-08
2020,tertiaire,1.2590341827489684,0.00019228352454366506,0.00017652480697433987,0.0016753224220192912,0.8120673046578526,3.212324690390922e-07,2.863822201112356e-07,2.336418524895785e-06,0.00013310897816408968,0.0,1.272649175909968e-07
2019,tertiaire,10.372418613757503,3.44404928665442e-05,1.066018651136289e-05,3.4505992735623685e-07,0.11044281963000761,5.699361248276131e-08,9.985314857746206e-08,1.636362834800419e-07,1.051833824987447e-05,0.0,5.920807897700457e-06
2020,tertiaire,10.593657683605292,8.124110789477901e-05,3.900326088956871e-05,9.300796915207485e-05,0.27080330904850985,1.5576974574084212e-07,1.8232115860223137e-07,5.173786727751933e-07,2.1380349119392472e-05,1.8704127979044545e-08,1.2182862130934737e-09
2020,tertiaire,2.8836630407333605,6.956900251136081e-05,2.7275465113638588e-05,5.631574458605713e-05,0.3140611284466993,1.3896340779578935e-07,1.229074522411064e-07,1.5493195058197429e-06,4.355378959407967e-05,0.0,3.3675787977629807e-09
2020,tertiaire,2.8836630407333605,5.226313142717386e-05,3.957162444698588e-05,0.0,0.23413028831892188,2.619862137668051e-07,1.925624360191621e-08,1.2050262823042444e-06,3.2169855577071934e-05,0.0,4.5462313769800236e-08
2020,tertiaire,5.134281199174021,2.005427774456693e-06,3.439827768998941e-06,0.0,0.006459524242928923,4.113561600971663e-08,0.0,3.895146233075936e-06,2.6422025555229102e-06,0.0,3.1680894721335055e-08
2020,tertiaire,10.593657683605292,1.688034301951662e-05,1.223005246644823e-05,2.8571562835827018e-06,0.06031033591040547,3.813598497138529e-08,1.0703427532851765e-07,7.3911238967884756e-06,9.959330776127335e-06,0.0,1.1610172748459784e-07
2019,tertiaire,10.372418613757503,1.0875568672743227e-05,1.668197132151274e-05,0.0,0.031206894082397452,2.8098964890962985e-08,5.432360266246382e-08,5.6945426651054585e-05,1.1416586006159537e-05,0.0,3.891741479318591e-06
2018,tertiaire,9.84887828671584,3.249101785862568e-05,5.151937615268218e-06,0.0026297263513475576,0.035730152489559915,2.0439264168304e-08,9.075702237381966e-08,1.075772638913773e-05,1.71997415160685e-05,0.0,6.635758492409363e-06
2020,tertiaire,2.8836630407333605,1.5416561873162287e-06,-1.6346093236223515e-07,3.588757771066151e-06,0.01954509489074412,1.55012368870899e-08,8.858568731338052e-09,8.607330587887459e-06,6.984941325789349e-06,0.0,3.2768225491632674e-08
2020,construction,8.21351892377498,1.1722142219893008e-05,1.5460347259547043e-05,0.00029444296285743605,0.10633194267882533,2.5056251293225108e-08,3.3815366340971544e-08,4.0904167471886837e-08,1.144678133457209e-05,0.0,4.11774465757912e-08
2015,tertiaire,3.625468644431152,2.174067286595115e-05,2.4988733953642202e-05,8.037581870647274e-06,0.07933068024460069,1.857052583158469e-07,1.1120171913905628e-07,1.4550777436759343e-06,1.906229707700509e-05,0.0,3.214247911629115e-06
2020,tertiaire,17.00402207143455,1.6378778588390376e-06,2.7719479511784674e-06,4.213237524499769e-07,0.026824357627125355,2.1190260880264032e-08,5.1966667755576306e-08,1.0610278113956492e-06,3.86278951435582e-06,0.0,1.913178205220234e-08
2021,tertiaire,88.04158467168689,1.995878279635688e-05,1.2983236540861384e-05,1.7936509493352238e-05,0.1595069298555744,1.5582371902351177e-07,2.276868622813094e-07,2.0004246307203496e-06,2.089681897804144e-05,0.0,1.1029972429595896e-10
2018,tertiaire,10.726959543258344,1.287529043050061e-05,4.160051387267202e-06,7.0236391425522704e-06,0.03934103612551085,6.229581942086054e-09,1.3099241683211602e-08,2.551309029635266e-07,7.780828775037092e-06,0.0,1.6052000053968688e-06
2019,tertiaire,10.372418613757503,3.691347645080834e-05,2.8823953309833256e-05,0.00011636197561778222,0.11317653131265194,1.0095444251111186e-07,1.0250889748086725e-07,4.0909070870010475e-07,2.063576601756073e-05,0.0,7.588138709201657e-10
2018,tertiaire,9.84887828671584,1.7721017606752904e-05,5.994257168094613e-06,0.0002939654741418902,0.02597348976236651,1.1911485256939366e-07,4.67246235113525e-07,9.273902059601492e-07,1.3498314001444843e-05,0.0,4.973170681131404e-07
2020,tertiaire,2.8836630407333605,1.3714175235872716e-05,1.1839611428114857e-05,5.69246478614829e-06,0.05683148267148699,2.5376561119285607e-08,3.042564067503789e-07,8.607330587887459e-06,6.1357745509856295e-06,0.0,2.919690817660504e-07
2020,tertiaire,2.8836630407333605,2.4223180517226223e-05,1.8610020265673975e-05,1.8696665382204388e-07,0.12455010789999109,8.80462088961269e-08,1.7513141144229217e-07,1.721466117577492e-06,2.1349770566260216e-05,0.0,3.552795631639944e-08
2015,indus_manu,173.98566161852662,1.0840486422246342e-05,2.0203240525707173e-05,3.4492263739750506e-05,0.08709060766120261,4.360244471759364e-08,2.775972171048176e-07,1.6201252056251633e-05,1.4217938470176012e-05,0.0,9.787814741452625e-07
2020,tertiaire,17.00402207143455,1.9748243036298375e-06,4.6298834412390055e-06,2.051263876698167e-08,0.030854787019885952,1.1155980254242477e-08,5.1966667755576306e-08,4.5472620488384965e-07,5.741056612725159e-06,0.0,4.159049533858692e-09
2020,tertiaire,2.8836630407333605,6.367655171674067e-05,4.052173309927091e-05,9.846688809599677e-07,0.2805574939666099,1.5403849094552657e-07,1.2278321621621565e-07,6.885864470309969e-07,3.987775030875992e-05,0.0,6.061641835973365e-09
2018,indus_manu,174.40608643953357,1.8557682964158438e-05,2.2604567163409772e-05,6.6965884269789834e-06,0.14168005599613384,5.871508536825096e-08,2.617583542611738e-07,2.0096223139930746e-05,1.6212694837872965e-05,9.6671164672678e-10,9.549340796960356e-07
2020,tertiaire,10.593657683605292,4.3018233644442586e-05,2.862296654896376e-05,1.2458283749904698e-05,0.14928795408638876,7.468671163645874e-08,4.333280664915532e-08,3.695561948394238e-07,1.7787358268475086e-05,0.0,5.95840060518642e-09
2018,tertiaire,5.987402258456666,0.00010959971536851373,0.0001535907944388943,0.0,0.17507110417051416,3.961616175306786e-07,0.0,0.00012015190348938308,5.5387867750471606e-05,0.0,1.5576852405511106e-05
2018,tertiaire,4.3995358302131375,6.037751538049458e-05,8.33831544534703e-05,0.0,0.33207134390897525,4.759205919779829e-07,3.1267328693355065e-07,3.8817879053908066e-05,4.501583227675431e-05,0.0,3.561752504538892e-06
2016,indus_manu,176.3856779362322,1.4819034239329044e-05,2.3614576970396276e-05,0.0,0.12659982222373212,1.3361829230521863e-07,0.0,1.566930768367928e-05,1.0702273191552253e-05,0.0,2.868314547899482e-07
2014,tertiaire,20.689953868111004,9.467904544020973e-06,1.2560740888600094e-05,1.73252692869539e-07,0.13725292878667905,1.528766309442272e-08,0.0,1.3222510664335377e-05,8.984482724412803e-06,0.0,5.7313158427885895e-06
2018,tertiaire,3.386016747379938,4.719295344063329e-05,8.051567273315191e-05,1.4026439271446662e-05,0.21107869255653705,8.284903005051856e-08,9.753388616697803e-08,7.97487163757325e-05,7.1004754049882e-05,0.0,4.73213493807378e-07
2019,indus_manu,168.33420099980626,2.7435650261269907e-05,2.0703501501309293e-05,1.986152665301461e-06,0.19953685297111404,6.606281990978272e-08,2.813512505104572e-07,1.7811639396178245e-05,1.3323519677877363e-05,9.321232146296314e-10,1.6736545348388817e-06
2019,indus_manu,168.33420099980626,1.978060423504047e-05,1.0527855308589883e-05,3.6917148177210735e-05,0.1552915381258287,3.301200928657527e-08,9.119702985080965e-08,1.0284936134276151e-05,9.70279264957753e-06,0.0,1.4782743029080845e-07
2018,indus_manu,174.40608643953357,4.9398299586073245e-05,7.57957525277546e-05,7.508857456252567e-06,0.3768431958918807,1.788895785268314e-07,0.0,1.816660920846199e-05,1.527311621168571e-05,0.0,1.4550376362095508e-07
2020,tertiaire,17.00402207143455,2.366559064805466e-09,7.409180758388313e-09,3.738752613316939e-10,2.772064561716597e-05,7.326002473982288e-11,0.0,4.486631888187316e-06,5.2480530013693e-09,0.0,1.6603185160417548e-06
2018,indus_manu,174.40608643953357,3.6401386803878924e-05,3.1037780056754394e-05,6.930179238564052e-05,0.2611490601392272,5.1083028323067945e-08,0.0,2.287298465106872e-05,1.7862272697154188e-05,0.0,2.558087542716409e-07
2017,indus_manu,176.198941319901,2.226578016334924e-07,5.232473166713891e-07,0.0,0.0017215992685145026,9.12611330291832e-08,3.571900009111307e-07,2.700838057818316e-07,4.585905016505301e-07,0.0,7.036813550921885e-07
2019,indus_manu,168.33420099980626,7.930973958753865e-07,1.314406596764779e-06,0.0,0.003666010604532329,1.9167289091496494e-09,4.838083718894093e-09,4.6749709701255237e-07,3.813294064486515e-07,1.8647031488744487e-07,1.5965761630714148e-08
2018,tertiaire,1.6083085004724007,0.00044332877985240335,0.0002328226177541004,0.0,2.166990177150374,1.5817127980916835e-07,0.0,0.0001128954233377463,0.00027593896580293355,0.0,1.7480002421908257e-05
2020,indus_manu,147.33181270326912,1.1266310166101294e-05,2.179582007509907e-05,3.941463879272064e-06,0.08602691249209823,1.1918423740313543e-07,4.2446242994296774e-07,1.7128270645729995e-05,1.30702111480518e-05,0.0,1.7701826339460456e-06
2020,construction,8.21351892377498,1.3131129127242998e-05,1.0134605609142976e-05,0.0,0.11725747444567895,1.8511706563136507e-08,0.0,1.1698591896959634e-05,8.93629856123229e-06,0.0,9.346336079225032e-06
2017,indus_manu,176.198941319901,3.3577662618475816e-05,3.7200304295969386e-05,7.055919532285164e-05,0.36614851142336124,2.2219997843471623e-07,0.0,2.264202571804355e-05,2.2513553611959284e-05,9.605226783976728e-08,2.7852644126469097e-07
2019,tertiaire,17.76707528413352,1.0972607798586418e-05,5.15633575549741e-06,0.0,0.13435860815874134,1.727955766894826e-08,1.1422818230121161e-07,1.7690699638974483e-05,1.262804595327489e-05,0.0,2.2901311718882902e-06
2020,tertiaire,6.578712314623508,4.4216860906868694e-05,2.452963393882121e-05,0.0,0.05238096307472513,1.3616622059092222e-07,0.0,7.724809667525948e-05,3.412409895575544e-05,1.3770546431930984e-07,3.8144392150223476e-06
2018,tertiaire,18.68327827538529,4.207009449026001e-05,6.564541579906194e-05,1.5071820569141144e-05,0.6225709825388572,8.839508193517253e-08,1.1367295859901014e-07,1.569647723674941e-05,1.7882414190773065e-05,0.0,5.756426055319907e-06
2018,tertiaire,10.726959543258344,4.151100104132132e-05,3.806818964027219e-05,1.5918395871045253e-05,0.1114914273618277,4.912384848987443e-08,1.43245287147835e-07,3.4527715534397267e-05,2.6518448252887756e-05,0.0,2.8471233613996545e-06
2019,tertiaire,5.698811135921701,3.437499613739444e-05,4.882494604560347e-05,0.0,0.056316488249189355,1.444519446132816e-07,0.0,0.00011796396982397351,0.0,0.0,5.526247339369283e-06
2016,construction,7.886242068818088,1.5726808539299032e-05,1.2595626098471034e-05,0.0,0.16875117174679563,1.2350315493791832e-08,1.7366232001240165e-07,1.0689593977584864e-05,8.703374573476389e-06,0.0,3.179510626645085e-06
2020,tertiaire,10.593657683605292,8.514028874376059e-05,2.0239631853777796e-05,2.9804068706192023e-05,0.279446218028772,7.866173595904645e-08,1.047658610159156e-07,1.6999584962613495e-06,1.6122395782533533e-05,0.0,3.3917049598753463e-09
2020,tertiaire,1.2590341827489684,3.5589234796850786e-05,4.279177697828726e-05,7.214687148855013e-05,0.193113793224274,8.880171183377557e-08,1.236519607616322e-07,2.596020583217539e-06,4.615405398284025e-05,0.0,3.85651265427263e-08
2014,transport,277.7339811255602,3.482895484046182e-05,5.642502134732795e-05,0.0,0.16446010163026606,4.381777840300721e-07,0.0,7.08823859826258e-05,4.947287431155382e-05,0.0,4.2669460543278327e-07
2019,tertiaire,10.372418613757503,6.364140523620507e-06,9.518438812147078e-06,0.0,0.00937734844673633,2.0327409583956927e-08,5.181841841943934e-08,8.181814174002094e-06,2.899639664710413e-06,0.0,6.962920082341888e-06
2014,tertiaire,6.136093602143228,2.4389609877042436e-05,2.0105627960383645e-05,0.0,0.031054604568319072,4.207931151155959e-08,1.3150655712362813e-07,3.307188084359467e-06,4.329824079978954e-05,0.0,2.0336369752459067e-07
2020,construction,8.21351892377498,2.1047961950502622e-05,2.0109719591539327e-05,0.0002755832051937656,0.18735996788149512,2.7711357297843622e-08,4.637265845465627e-08,0.0,1.4671047420900396e-05,0.0,8.369813371701043e-09
2020,tertiaire,2.8836630407333605,2.587471915075823e-06,4.5975658030625885e-06,1.8266375572464504e-05,0.013261109365067475,9.054506972730655e-08,0.0,7.058011082067718e-06,4.925267631753067e-06,0.0,1.212328367194673e-08
2016,tertiaire,5.597599392216207,6.89300265843901e-06,1.011228955896279e-05,0.0,0.02700883604365607,2.8800937909272578e-08,1.3655962863071643e-07,3.1598213419896804e-05,1.0170019797228656e-05,0.0,6.77456637521972e-06
2020,tertiaire,2.8836630407333605,7.023719166167505e-05,5.633330515788637e-05,6.1788976263851305e-06,0.27854098983694053,1.402324502333393e-07,7.650004424018753e-08,1.11895297642537e-05,4.821443156015687e-05,0.0,8.082189114631153e-07
2020,tertiaire,10.593657683605292,2.1948713091478008e-05,0.0,1.462080700722398e-06,0.07938246237321887,8.829461138739132e-09,0.0,1.1086685845182715e-05,1.9472433186675887e-05,0.0,6.0414240425420715e-06
2018,construction,8.043517613928055,1.872519305501017e-05,1.7962339357499467e-05,0.0,0.15915508602711384,2.3285945451233595e-08,1.3458454702810456e-07,2.2013584602091786e-05,1.3586545590933617e-05,0.0,1.786252209090473e-05
2019,tertiaire,10.372418613757503,6.253007417060617e-06,1.989262219797055e-06,0.0,0.018870959013022683,8.097732399260499e-09,5.6805355934905444e-08,1.71818097654044e-06,1.0471922642224302e-06,0.0,8.976219462598934e-06
2019,tertiaire,3.4570108962597628,9.72048153489354e-05,0.00010740636536501593,0.00011736137824784184,0.4164621961265693,2.341023448062841e-07,6.528240517272349e-08,4.630530105412267e-06,4.1683451930629455e-05,1.702502809204496e-07,5.491718796449015e-06
2021,tertiaire,88.04158467168689,2.277899824923752e-05,1.883626029330115e-05,0.0,0.18396871978076737,2.937727766580384e-07,3.567231770815668e-08,4.7068814840478815e-07,1.5434883044831272e-05,0.0,7.334931665681272e-10
2019,tertiaire,4.053480018388999,1.454495700583383e-06,2.050782926305063e-06,1.6703020406539762e-07,0.010517640835434619,2.072181930647988e-09,1.746276703036887e-09,2.1191821335295996e-06,1.7457966626246138e-06,0.0,6.073124788093839e-07
2020,tertiaire,10.593657683605292,1.4251709566663518e-05,6.6240632155938505e-06,4.291455847610819e-08,0.05493166047098788,3.6129917598348934e-08,3.892881643383951e-08,1.4782247793576951e-06,8.861499632863127e-06,0.0,4.583385080912631e-10
2015,indus_manu,173.98566161852662,1.5647027678703216e-05,6.569932173442372e-06,1.0734136295038987e-05,0.14503357691134827,5.991559508377317e-08,1.781860090256474e-07,1.5538624160290417e-05,8.903957122626148e-06,0.0,4.970106162377115e-07
2017,agriculture,170.62855400249387,0.005655401091824547,0.007301737861777294,0.0004319529171274318,8.660547068043902,1.8490384628899525e-05,1.8490384628899525e-05,0.009857917770546827,0.007396896112830957,0.0,6.386277399661355e-07
2016,tertiaire,19.8720263114144,4.508243679054711e-06,9.436814540818749e-06,0.0,0.05638089507741876,2.0465858847881235e-08,1.1393950405082367e-07,1.0240197670441952e-05,6.187624670153265e-06,0.0,6.157305036861521e-07
2019,tertiaire,4.474032700841191,2.8014201457681503e-05,3.5822083740418276e-05,0.0,0.22564134082596032,2.6921163608459235e-08,9.408391160732194e-08,3.049643162296147e-05,1.880252961015909e-05,0.0,1.6058567511169321e-06
2020,tertiaire,2.8836630407333605,3.969754390262828e-05,2.08502295265282e-05,1.902865819166236e-07,0.18719053517513365,8.80462088961269e-08,2.8937300752610366e-07,4.47581190570148e-06,1.6646212329204887e-05,0.0,2.0542230666354184e-07
2014,tertiaire,10.233625623089615,8.88767329582554e-07,1.2536119591517485e-06,2.910672546048454e-07,0.0034586075873594326,1.2227348942553343e-09,0.0,1.2176917176088536e-06,1.0086002501057373e-06,0.0,1.7023748371405264e-05
2019,tertiaire,10.372418613757503,0.0002023853533532572,0.0,0.0002147524854843311,0.6155122360551454,2.182627778109462e-09,1.080443402347544e-09,4.090907087001047e-06,5.122793344270182e-05,0.0,6.225925129550264e-07
2016,tertiaire,7.405221935631726,2.779690099476694e-05,1.702884092362233e-05,0.0,0.036290246626401096,4.1353388958814024e-08,7.294233206397638e-08,6.61351444509717e-05,2.559661449208594e-05,0.0,7.920655735327307e-06
2015,tertiaire,20.41391976509726,3.294833790628691e-07,-3.4252094668548906e-07,1.7142842179178672e-06,0.006040537297120956,5.724132011356994e-09,0.0,5.199481866844676e-07,3.299747140386148e-07,0.0,5.199433598239871e-06
2016,tertiaire,10.640097313050289,7.810267008722805e-06,3.928132859503297e-06,7.124097601312447e-08,0.039082898563846835,2.236046723134947e-08,9.78813740123064e-08,2.453622844803785e-06,5.090271365371387e-06,0.0,1.8253521993554896e-08
2018,tertiaire,10.726959543258344,8.20702769436966e-06,5.1911911641902225e-06,1.2077494628885357e-05,0.023682166852463563,9.185491130490298e-09,2.04486381816357e-08,1.615829052102335e-05,4.1822516044973955e-06,0.0,1.0259149600337547e-06
2015,tertiaire,11.09253634089188,2.3130127837436258e-05,1.995424852000519e-05,5.270368447336413e-05,0.08728973045409445,3.6445559906054285e-08,1.184410160665311e-07,3.47977861910069e-07,1.2976691653712013e-05,0.0,2.363715383665906e-09
2019,tertiaire,3.4570108962597628,0.0001046132602189789,9.008278619376093e-05,1.1954659029982692e-05,0.4915867650460711,2.8685455261217416e-07,6.296478859042071e-07,8.946184163656501e-05,5.6984380179710015e-05,0.0,7.345700589623618e-07
2019,construction,8.18259268539382,4.889694126078969e-07,3.5743099870512106e-07,0.0,0.0036694292100803677,3.59591266430497e-10,0.0,4.299339088004018e-07,2.9777023582753145e-07,0.0,2.558074690509682e-07
2019,tertiaire,4.053480018388999,2.27984825424299e-05,3.9821608666085304e-05,0.0,0.16439628288018932,2.6534639465615847e-08,0.0,5.498719957000488e-05,3.2980449264805316e-05,0.0,1.5104951396028265e-05
2015,tertiaire,3.625468644431152,6.100741351360351e-07,7.835395337640356e-07,0.0,0.002929319129043604,4.0649932962365944e-09,5.815137890152424e-09,1.6167530485288157e-06,1.143290785889888e-06,0.0,5.883352513687369e-06
2019,tertiaire,3.4570108962597628,1.6251534446494768e-05,1.766465370869847e-05,4.204974268617311e-06,0.10293728253157218,2.6697937207403328e-08,2.0576920101371448e-07,5.3714149222782305e-06,1.824981197172067e-05,0.0,9.691268464321791e-09
2020,transport,230.0129657478018,5.77354575257588e-05,4.736097312141343e-05,6.560579074132785e-06,0.2580534072566131,1.926270063805243e-07,1.9287647075251736e-07,5.95264778337065e-06,3.922167664067165e-05,0.0,2.0843614231690844e-07
2018,transport,274.8511476655701,3.332193036411324e-05,5.425623268958064e-05,0.0,0.15385073266225904,8.876594290931751e-08,1.1338347174168998e-07,6.575201236879408e-05,3.7791375858506995e-05,0.0,3.421874958835813e-07
2019,tertiaire,17.76707528413352,5.653452083411649e-06,7.3945167291401654e-06,5.626933067915416e-07,0.06252344017226993,8.478590253796809e-09,1.702630531377121e-08,1.4949887018851679e-05,7.043297071680983e-06,0.0,4.4341093424966463e-07
2019,transport,274.555534803012,7.568243941838892e-05,9.064163375484814e-05,0.0008174313009784581,0.2811479970097433,1.6547327486564822e-07,2.913824067635361e-07,7.368695332500832e-05,5.666209077674711e-05,0.0,1.3912710874052104e-07
2020,tertiaire,5.134281199174021,2.4610746357998232e-05,2.7245114072125844e-05,4.6886000507125125e-06,0.1201772408111041,6.15721808363961e-07,1.2646473137377042e-06,1.3633011815765774e-05,3.259329313419606e-05,0.0,5.740388983835934e-08
2017,tertiaire,3.799114824190981,8.722389347646691e-05,6.048771059494218e-05,0.0,0.4950372977862696,5.041617786615022e-07,5.041617786615023e-07,7.965511451846622e-05,9.414762865823696e-05,0.0,5.035540393367984e-06
2018,construction,8.043517613928055,1.6967009874867768e-05,2.06300636799396e-05,5.225327431621149e-06,0.14874003615015186,2.0007541836746446e-08,1.4363715129170967e-07,2.205770000209598e-05,1.4570386567214155e-05,0.0,8.458386332868795e-06
2019,tertiaire,3.4570108962597628,7.81513025992652e-05,8.920062959333801e-05,3.515780872652477e-05,0.3707600306806864,2.7848621776550845e-07,3.4782520314651825e-07,7.742246336249311e-05,4.8630917544331184e-05,0.0,2.38770382454305e-06
2019,indus_manu,168.33420099980626,4.323089236414663e-06,1.0936842972740094e-05,0.0,0.03174519923311269,1.432975572744445e-08,3.6766685181398295e-09,1.4165162039480335e-05,8.160762519745323e-06,0.0,1.1276163698340604e-07
2017,tertiaire,11.45908525913966,3.549748297113286e-05,2.2071099016676185e-05,0.0,0.03947473861361031,6.947321849839695e-08,7.84107392372472e-08,7.85211946317536e-05,2.8148617103933806e-05,0.0,9.274667140599501e-06
2018,dechets,30.082911128215187,0.0005307345389935093,0.0003565941389432582,0.0,0.8459278607533363,3.949165283770838e-06,7.895924627485039e-06,0.0007332866941149825,0.0006410952041926684,0.0,1.4594650509570955e-05
2021,tertiaire,88.04158467168689,5.39698738034952e-06,3.584720334726149e-06,7.997736109486696e-09,0.03736805889131325,2.686288424350187e-08,3.842865776205974e-08,1.470900463764963e-06,1.4202527667994404e-06,0.0,3.8803443007318364e-08
2019,tertiaire,9.68217935678395,2.1395452599365146e-05,1.294628509890171e-05,0.0,0.025283630785297054,4.616066238828401e-08,6.75142565090364e-08,6.575280342708532e-05,2.1249821963399626e-05,0.0,2.961277184770014e-06
2021,tertiaire,88.04158467168689,2.208810658683519e-05,2.1460602992810487e-05,1.2271597387749328e-06,0.15298517483956614,1.5344565880860795e-07,1.5344565880860795e-07,9.413762968095763e-07,1.6245951910710688e-05,0.0,1.0147574635228224e-09
2016,tertiaire,5.597599392216207,6.50384591443434e-06,1.1181354474925536e-05,0.0,0.025500389756759584,1.4102029066360749e-08,2.6828639566199546e-08,3.076668148779426e-05,1.193868653564903e-05,0.0,1.1276486924181353e-06
2018,indus_manu,174.40608643953357,6.791199409290404e-05,4.0086912687170586e-05,6.964459598057082e-05,0.5289810131960805,1.293983229669594e-07,1.3629399179567134e-07,2.3626004721885796e-05,2.1855903582801155e-05,0.0,1.0785453719941677e-06
2016,indus_manu,176.3856779362322,1.5871788725734912e-05,1.92752597967746e-05,0.0,0.12691817747587464,1.3117773059073267e-07,6.39009675610767e-07,3.6829569341981216e-07,9.014121089594152e-06,0.0,8.765053265287545e-07
2014,tertiaire,10.233625623089615,1.1089089242260419e-05,1.5414650149766667e-05,0.0,0.04251036765343156,1.5707044923697043e-08,6.794841449764925e-08,3.30209342245695e-05,1.2272709450561116e-05,0.0,8.312599539214611e-06
2019,tertiaire,5.698811135921701,5.583858431272441e-06,2.528151565763881e-06,0.0,0.006597548122332926,1.3035352669258958e-08,0.0,7.162098167884105e-06,2.9739833204848204e-06,0.0,1.3170812242665235e-06
2020,tertiaire,0.8507761787818823,0.000145371935401371,7.927091170262133e-05,1.2409985372698026e-06,0.628709937032367,3.2267479584340325e-07,3.2267479584340325e-07,6.285175943626147e-06,0.00010084803115761712,0.0,1.114880072940038e-06
2016,indus_manu,176.3856779362322,9.15761228290234e-06,1.4855038997946708e-05,0.0,0.07201404980158588,1.4610898299892582e-07,0.0,1.6205010510471736e-05,1.0758638642104806e-05,0.0,9.080637988714339e-07
2016,tertiaire,3.183833703490181,9.08943061765727e-06,1.3003589107523818e-05,1.655099276789524e-06,0.09990761086579128,2.718918901294705e-07,2.0595371044331984e-07,1.819219178888296e-05,1.285200411866046e-05,0.0,2.4629434078061277e-05
2018,indus_manu,174.40608643953357,2.29891142615973e-05,2.091191003680989e-05,6.12876707643001e-07,0.16691608085664794,5.370924630791516e-08,1.7775547974326374e-07,1.7131206611088504e-05,1.2129781320135487e-05,3.076328364701244e-07,1.1897665161174018e-06
2019,tertiaire,17.76707528413352,1.4858846944518648e-05,1.0888128029997103e-05,0.0,0.1476386445622305,1.792508142968809e-08,5.67916089433819e-08,1.1034440418676238e-05,6.262411655018353e-06,0.0,6.394877019353938e-07
2020,tertiaire,10.593657683605292,1.2759505106432464e-05,7.673321674778922e-06,1.8592987755319075e-09,0.050474252616911006,2.3166706143969353e-08,1.8577693307631286e-07,8.869348676146172e-06,5.864524417554101e-06,0.0,2.2916925404563152e-07
2015,transport,279.565634951017,2.7406362603067484e-05,4.6674511264719614e-05,3.7679570955615224e-07,0.10437750676178549,6.983016820804392e-08,3.7995601651375706e-07,6.346088921901657e-05,3.589390653339954e-05,0.0,7.526013310198036e-07
2019,construction,8.18259268539382,1.252489176394137e-05,1.3246334929478213e-05,8.081316430932222e-06,0.10488474737694398,1.7001118926934295e-08,4.1652197157828345e-08,1.8530151469297317e-05,1.1977635788246068e-05,0.0,1.1825920560704702e-05
2020,tertiaire,2.8836630407333605,4.9987657301800656e-05,5.317569924303786e-05,0.0,0.2063497744162915,2.8901309471420073e-07,3.367878714399244e-07,5.870199460939247e-05,4.578219337621602e-05,0.0,2.119890853191796e-06
2020,tertiaire,17.00402207143455,1.8588040632153578e-06,4.707407832295461e-06,0.0,0.018594201913953126,6.623271900041349e-08,1.8695893286958808e-08,1.5157540162794987e-06,1.6126749629943816e-06,0.0,1.9285989926522813e-05
2018,construction,8.043517613928055,3.7339762508191797e-05,3.614573206569128e-05,1.473952473079892e-05,0.3314412887402804,5.228656368658563e-08,3.9821597723628365e-08,1.3102273801245014e-05,2.4912165091967015e-05,0.0,5.75149488359076e-06
2016,tertiaire,10.640097313050289,2.4436441492677197e-06,3.237972995437271e-06,0.0,0.008604645406303558,1.1630243893850852e-08,0.0,5.958798337380621e-06,2.339274860395364e-06,0.0,4.3553359814671824e-07
2020,tertiaire,2.8836630407333605,6.450167596247904e-05,6.387261200517752e-05,1.1726150581079742e-06,0.2553666741225682,1.215281323649346e-07,2.1225837562426908e-07,8.555686604360135e-05,4.9975579329510716e-05,6.737742544721311e-08,2.49705967854125e-05
2019,tertiaire,3.4570108962597628,4.990656099036128e-05,4.347185268990432e-05,2.438638925025238e-05,0.2367532794680819,4.801536985296194e-08,1.0685005088649256e-07,9.261060210824534e-07,2.9549325053779176e-05,4.764040140678934e-08,1.5618392075834536e-08
2015,tertiaire,9.82847199927764,0.0,-9.621965122896745e-08,0.0,0.004790560463333732,3.441846190550354e-07,,2.923509343424529e-07,1.650379698213067e-06,0.0,6.135753068021407e-06
2019,transport,274.555534803012,4.644175288268147e-05,7.789693909411095e-05,5.802343025147724e-07,0.19605593767856963,1.3083373175193309e-07,3.509853970615636e-07,9.048324415644404e-05,5.8952066805892985e-05,0.0,4.754569564701063e-07
2019,transport,274.555534803012,0.00018418068159234755,0.0001534013659217347,0.0,0.7552191548843294,3.1190677429072483e-07,1.2410537033837672e-07,8.036934860203113e-05,8.362273698894346e-05,0.0,1.247236308125601e-06
2014,construction,8.144754907011391,1.9323509808833222e-05,2.3695346384056874e-05,2.0215819132086787e-08,0.19468484768791078,3.042262535177558e-08,0.0,8.689222638356106e-06,1.4913891160458921e-05,0.0,9.133161061343702e-07
2018,transport,274.8511476655701,2.540617103988044e-05,3.941906038957214e-05,0.0,0.11308781304939834,6.177304102385169e-08,8.393928955472278e-10,6.425339100426316e-05,3.2453765491611236e-05,0.0,2.0208587973616873e-07
2017,tertiaire,4.754745471191691,6.080712624426225e-05,0.00010770580829342172,0.0,0.3259772504110374,4.789849416981612e-08,2.505335240111829e-08,5.855974501517452e-05,3.810910331374233e-05,0.0,1.6941481843174816e-05
2013,tertiaire,1.563900460157985,1.2105555471996057e-05,8.552765095723645e-06,0.0,0.054590037852875334,1.9143879328367572e-07,,1.0382724811147643e-05,7.561814188349916e-06,0.0,3.415197782592227e-07
2018,tertiaire,9.84887828671584,2.830150126349589e-05,2.1667903176196363e-05,0.0,0.034126241765706444,5.885772118967063e-08,1.2323315807908476e-09,8.82875476074062e-05,3.5688151912680434e-05,0.0,9.500468677409913e-06
2020,tertiaire,3.141744202794838,2.5391686734402964e-05,2.9013708540640407e-05,0.0,0.17598426511383708,3.434954819202441e-08,3.832623843511098e-09,3.775894572022855e-05,2.998509526205231e-05,0.0,4.1727774606084704e-06
2020,tertiaire,10.593657683605292,1.966538125116694e-07,2.3715042947768473e-07,9.296493877659522e-09,0.0007912265900555567,6.575405338393445e-10,9.094050504303386e-10,4.434674338073086e-07,2.5057056754733516e-07,0.0,6.883327714514589e-08
2019,tertiaire,4.053480018388999,1.0712279441364334e-05,1.3406772219042627e-05,0.0,0.07496010485874136,1.7076229878317418e-08,0.0,4.238364267059199e-05,1.0074639276991595e-05,0.0,8.552684612818542e-07
2020,transport,230.0129657478018,5.4687297485545895e-05,4.3509768799257315e-05,1.5686055716317307e-05,0.25470643751908556,1.0778656514324579e-07,2.5321238821171314e-07,7.500336207047019e-05,5.2068794357493205e-05,0.0,1.1650611260986769e-06
2020,tertiaire,2.8836630407333605,1.3840960752781629e-05,1.763976971009209e-05,2.5830119052137026e-06,0.05838380177937101,3.247983801378268e-08,5.2540227287829884e-08,1.738680778753267e-05,1.4640333243377822e-05,0.0,1.7208327656568832e-07
2020,tertiaire,5.134281199174021,1.3660092896372996e-06,2.8650316778914045e-06,4.0159002505596725e-07,0.005098425733352019,6.133353549320006e-07,5.5454655679741555e-09,4.382039512210428e-06,2.886262188758943e-06,0.0,2.4334142520374955e-05
2016,indus_manu,176.3856779362322,8.81813735754412e-06,9.940374071898238e-06,1.3343808095364887e-06,0.07452620575494093,4.274367513931455e-08,0.0,1.3091237829740596e-05,9.994720720715004e-06,0.0,2.1574379455555197e-07
2017,tertiaire,4.754745471191691,6.330921120516016e-06,6.644309252524606e-06,0.0,0.03340181368174173,6.0418165628647354e-09,2.6388911691411895e-07,8.432603282185131e-06,5.338953672032415e-06,0.0,2.0424636213522406e-05
2019,construction,8.18259268539382,5.2000073430789054e-05,3.444963036756757e-05,0.0,0.3837669328593927,6.989946821489982e-08,0.0,2.0765807795059405e-05,1.859002672989849e-05,0.0,3.467667970663e-06
2019,indus_manu,168.33420099980626,7.188344576328092e-07,9.726155346694453e-07,0.0,0.005426150622549029,1.7592387433925756e-09,6.488427361181834e-09,9.349941940251047e-07,7.123494430464092e-07,0.0,9.647306164641349e-11
2018,construction,8.043517613928055,4.092596174266874e-05,2.9878031778063875e-05,0.0,0.3477886710040557,4.100642192242974e-08,8.098592258107951e-08,2.2190046202108555e-05,1.9615235594188514e-05,0.0,1.2479756739281849e-05
2020,indus_manu,147.33181270326912,2.325791449029404e-06,3.3670925665654015e-06,2.110323323798741e-05,0.018732743285655086,1.0080557734283466e-08,5.241831610280575e-08,2.6163346200198566e-06,2.2265388037689175e-06,0.0,1.159789790623761e-07
2017,tertiaire,11.090056184407787,3.3625066287912046e-05,2.30299858897889e-05,0.00011618028563215739,0.10506248416131896,7.74725481552792e-08,5.239339070210182e-08,5.078185063911013e-05,1.554820326481055e-05,0.0,1.6287014221719225e-06
2016,indus_manu,176.3856779362322,4.8817364783092245e-05,3.584356704985247e-05,3.177899227316553e-05,0.40539062754830546,4.3905545386962685e-07,0.0,1.2254202162877386e-05,1.6377565761587955e-05,0.0,2.1835681848530117e-06
2016,tertiaire,10.640097313050289,1.1445279177180246e-05,7.201518693943175e-06,2.8079385083684416e-08,0.04867223779171847,1.9473416518444576e-08,1.2500913027706768e-07,4.0660035713891295e-06,5.353639771984219e-06,0.0,2.5828733620880183e-08
2019,tertiaire,4.053480018388999,5.3849744913817035e-06,5.033450047243e-06,0.0,0.03751224578423042,1.7001314492712708e-08,4.17459928260693e-08,4.126828365294483e-06,3.1904195217593845e-06,0.0,2.0848666062479934e-07
2019,construction,8.18259268539382,1.277175559030018e-05,2.179760492719349e-05,0.0,0.08519516045828665,1.9410478499967325e-08,0.0,1.7971237387856796e-05,1.5028566181225437e-05,0.0,1.2921374741928034e-06
2018,tertiaire,3.386016747379938,7.819417481276704e-05,7.119352952489516e-05,0.0,0.4469025574063253,1.560420717680332e-07,4.1876373890312853e-07,9.227276421302999e-05,6.179739758537298e-05,1.0260017343311888e-06,6.926124772998896e-06
2014,tertiaire,1.419467377233347,0.00027461030526767204,0.00012611151508981036,0.00123100674989327,1.291902574401973,1.7971017002980174e-07,1.7971017002980174e-07,0.00022079439546543784,0.00016126774302403245,0.0,1.3648337770828988e-05
2018,tertiaire,3.386016747379938,4.989175577429126e-05,6.273142925332538e-06,0.0002919953579635878,0.5071664869013884,1.7079004363252252e-07,0.0,6.64879598421234e-05,5.795043105927828e-05,0.0,5.018930994926736e-06
2019,tertiaire,4.474032700841191,2.0888958617202705e-05,2.4046321172101318e-05,5.062246670945822e-08,0.16529104787787133,8.834271495403841e-08,9.236994815355337e-08,3.3590272512247416e-05,1.6086091903329397e-05,0.0,6.478992230971202e-06
2018,construction,8.043517613928055,7.538953847528137e-06,7.288744938077741e-06,0.0,0.06718893630127694,9.23842293411949e-09,6.09222603575721e-08,9.705388000922232e-06,5.098878812286986e-06,0.0,3.927850164403446e-06
2020,tertiaire,2.8836630407333605,1.49603012585327e-05,1.7836012485799236e-05,2.7229358672709232e-05,0.07583306096179965,7.827678760999757e-08,6.678143557070667e-08,2.9264923998817366e-05,2.215126784369257e-05,0.0,2.7176360897947254e-07
2020,tertiaire,17.00402207143455,1.0545710137576555e-05,1.0567391048017866e-05,7.380644819860131e-06,0.13975279662104173,5.72604607435306e-08,3.122109050096436e-08,4.5472620488384965e-07,1.4957542586608592e-05,1.8162033826224497e-09,1.2564155377565716e-07
2015,indus_manu,173.98566161852662,3.412016749576457e-05,1.258449051486715e-05,2.5211603754788653e-05,0.29407862417886527,1.7337232809916379e-07,2.3433662237241426e-07,4.6383952717284833e-07,9.965309134697303e-06,0.0,9.627788970754407e-07
2015,tertiaire,20.41391976509726,7.366382858757183e-06,1.3050030712103032e-05,5.9925237336817305e-06,0.10234637702009566,2.646822074575372e-08,1.5247510301497697e-07,6.354922281699049e-06,4.589107211447075e-06,9.915627329190264e-08,4.3294679839250416e-07
2015,tertiaire,11.09253634089188,4.00958822129023e-05,3.05360749717673e-05,2.5950614813352334e-07,0.14172245115482743,6.00783006707579e-08,1.9810717496994683e-08,5.915623652471174e-05,2.0933764805315762e-05,0.0,8.329908102067072e-06
2017,indus_manu,176.198941319901,5.465306883972668e-05,1.6926029908906864e-05,2.671020269834728e-05,0.4117961849709465,6.847463713250194e-08,4.88245171514913e-07,2.2416955879892024e-05,1.1970242699860957e-05,9.451586373551363e-08,1.1221202368032275e-06
2020,tertiaire,17.00402207143455,8.379853741096194e-07,8.783191567809207e-07,5.388811130053268e-07,0.010926277302320766,2.1136937626801903e-09,2.201963008554221e-09,1.8492198998609885e-06,1.0255500165308715e-06,1.1351271141390314e-08,1.627629219366468e-07
2020,tertiaire,17.00402207143455,1.9171378402050274e-05,1.4255757084049943e-05,2.836640815319124e-05,0.23988083931135462,4.774818462013053e-08,1.0668102187521848e-07,1.2974854379352512e-05,9.469667900696992e-06,0.0,1.535019401176403e-05
2020,tertiaire,10.593657683605292,3.0137121613282206e-06,1.5886758461688357e-06,0.0,0.016265929887857047,2.0054616946910146e-08,0.0,4.212940621169431e-06,3.4769647637321805e-06,0.0,5.238809147483137e-06
2019,tertiaire,4.589912125631926,6.147520204705868e-06,8.257247689609922e-06,6.855857341140546e-06,0.025214315434881816,6.170746026377073e-08,1.2701927793056778e-06,9.234464164954728e-06,6.889388577954727e-06,0.0,7.066500167152598e-06
2018,indus_manu,174.40608643953357,3.2026337312029485e-05,1.7694998745885928e-05,0.0,0.2525118854329636,7.952270231069705e-08,0.0,2.179051829926917e-05,1.5793751607191357e-05,0.0,1.1941152649400198e-06
2014,indus_manu,177.43589282489626,2.009248589086677e-05,2.6761572838404624e-05,9.471056774566054e-06,0.1654762313798155,6.164633555895756e-08,0.0,1.6337629911032717e-05,1.4032469704141733e-05,0.0,6.829129199612014e-07
2019,tertiaire,4.053480018388999,1.6382376175954288e-05,2.5100274397676788e-05,2.130369125278704e-06,0.12514257914611812,1.8581911891291245e-08,6.078535147872206e-08,2.2307180352943154e-07,2.5512925670673917e-05,0.0,7.688719724325334e-06
2019,tertiaire,10.372418613757503,1.076133754938649e-07,-5.1574456176791336e-08,0.0,0.0005992707726407176,1.0511623076468482e-08,5.948833989588227e-08,4.000907131087024e-05,5.933225823392035e-08,0.0,8.167196549009335e-07
2017,indus_manu,176.198941319901,4.62022344526872e-05,4.128808664833089e-05,7.337780641046865e-07,0.33816778110399626,1.9476456020977176e-07,1.357025429098831e-07,2.1876788268328363e-05,2.4044408661536765e-05,2.6896579810456676e-07,6.057109454066119e-07
2014,indus_manu,177.43589282489626,1.1683210597699081e-05,1.0958466459776676e-05,2.370751317645262e-05,0.10386310697114824,3.1512619306082066e-08,1.6003125513438817e-07,1.6141578352100322e-05,8.543719956403233e-06,0.0,4.05825277178711e-07
2021,tertiaire,88.04158467168689,1.0973138412440522e-05,2.4179313440546193e-05,1.0959263972640626e-06,0.07684285563045044,1.3732325530937973e-07,3.1199479748290594e-07,8.825402782589778e-06,1.521568334753015e-05,0.0,2.7938920164166407e-08
2015,tertiaire,11.09253634089188,4.715791592117788e-05,4.748487824489462e-05,3.654723993366094e-06,0.12234821439482223,3.335538542472812e-08,2.019693280087647e-07,2.401047247179476e-05,1.0240856775283363e-05,0.0,1.390628125664477e-05
2020,indus_manu,147.33181270326912,1.9157562640705676e-05,1.995555965979244e-05,1.5864265122130866e-05,0.13328281386779392,9.523162901081499e-08,1.7102121297585642e-07,6.523394319249508e-06,7.893680351271569e-06,0.0,1.6774534545059832e-07
2020,transport,230.0129657478018,0.0001425906588514034,6.235498194652196e-05,7.867611361284261e-05,0.6662040497173123,7.220838459872752e-07,3.058244349599479e-07,1.6369781404269288e-05,7.772997446085797e-05,5.018255822642757e-09,5.10304968769689e-07
2020,tertiaire,10.593657683605292,1.9308942416391052e-05,1.7130520480934946e-05,6.276493220935215e-05,0.06853543334090247,4.0489281215662595e-08,7.134167070614749e-08,7.391123896788476e-08,1.3455653507363083e-05,0.0,1.2434723724515967e-08
2020,tertiaire,10.593657683605292,2.9109499045772577e-06,1.6715927250916015e-06,0.0,0.01073291503700303,7.861677477111583e-09,9.604781554061071e-08,3.9172956652978935e-06,1.7632900564281803e-06,0.0,1.7160193742936888e-07
2016,tertiaire,8.998767748873913,7.075989858593985e-07,9.312590019651766e-07,0.0,0.004500156307221724,1.7919887627563036e-08,1.3931920283805427e-10,1.2124305532013721e-06,8.163293739694372e-07,0.0,2.7042259171045702e-06
2019,indus_manu,168.33420099980626,8.34765196954755e-06,1.1593275643124403e-05,1.9742792467960431e-07,0.05762586158305782,1.5232982152598944e-08,5.817988629818674e-08,1.3697664942467784e-05,7.498532962377044e-06,0.0,5.261757397984196e-07
2020,tertiaire,10.593657683605292,1.3148140004500989e-05,2.062634774945637e-05,2.3541518295789905e-06,0.04593506893958889,2.654308893678148e-08,5.0455309343061155e-08,3.665997452807084e-05,1.7781891558085247e-05,0.0,2.7271141231430154e-06
2019,dechets,30.569720067372373,0.0009519607142212174,0.0013432313041669894,0.0,1.7755509350846814,6.09435834540035e-06,0.0,0.0008046006282002654,0.00025768835625890465,8.294034459684103e-07,7.027817510591221e-06
2015,tertiaire,6.451443269719404,5.20969555129371e-06,9.198588356678434e-06,0.0,0.018578747402989235,1.6557098571669847e-08,4.5172343044013026e-08,2.3622759375002446e-05,9.300801506969592e-06,0.0,1.0551723760129128e-06
2020,tertiaire,10.593657683605292,4.156829117566627e-06,6.468089498016022e-06,0.0,0.01371328086556174,1.0063130066116168e-08,9.57371536019477e-09,7.7606800916279e-06,5.170307946671763e-06,0.0,3.000283873965408e-07
2018,tertiaire,18.68327827538529,3.358595841840775e-05,3.015049111845233e-05,3.821660720379903e-06,0.35085028695301507,6.833651016597529e-08,1.0559449916675415e-07,1.7990857900125772e-05,2.324374195286752e-05,0.0,5.478350394859759e-06
2019,tertiaire,10.372418613757503,6.473164911028366e-05,3.212728549723013e-05,2.6801453422276592e-05,0.25934576673164766,1.891446278673074e-07,7.131808562621615e-08,2.06999898602253e-05,1.441349580729207e-05,0.0,1.7367054047586763e-06
2018,dechets,30.082911128215187,0.0007476452780710961,0.0005868828509347759,0.0,1.0587757977452261,4.8392525229341595e-06,0.0,0.0007394617399601612,0.0006512713482690021,8.164590581060548e-07,1.207697721858652e-06
2017,tertiaire,4.754745471191691,8.337898089894139e-05,6.708175440832367e-05,0.0,0.4221011600338678,1.140944492422064e-07,1.4467339740733367e-07,5.914534246532626e-05,3.436264823349471e-05,0.0,2.7306523477184725e-05
2018,indus_manu,174.40608643953357,2.663591450405959e-05,7.825367027164317e-06,6.390275534869989e-05,0.2413623910301643,6.747514209651293e-08,0.0,2.216702833467771e-05,1.5136356557029646e-05,0.0,1.519504000373547e-07
2017,indus_manu,176.198941319901,4.713535056196934e-06,6.009660937955221e-06,-4.81731348509222e-08,0.03341380224310827,2.013721613607281e-08,4.9279472631166024e-08,7.472318626630675e-06,4.3281546392953975e-06,0.0,1.1125612093390233e-08
2015,transport,279.565634951017,2.9287625702522505e-05,4.749583189022164e-05,0.0,0.11549504708622671,8.123545937732948e-08,4.30519880271082e-07,6.625652310531686e-05,3.914607402141776e-05,0.0,1.0244189516640731e-06
2016,construction,7.886242068818088,2.058846535981099e-05,1.4607877295333904e-05,0.0,0.2256168191652549,1.911320883257007e-08,1.878639449469282e-07,1.6435778882531667e-05,1.5544701022503128e-05,0.0,9.156990604737844e-06
2019,tertiaire,5.698811135921701,0.00016009319824508166,0.00011766304200117974,0.0,0.2763276908085974,2.110332634502976e-07,0.0,0.00016388565807687748,0.0001034187726688075,0.0,6.326311971309862e-06
2019,tertiaire,5.698811135921701,0.0001531429712795355,0.00019260650122291891,0.0,0.27632651583246737,5.096888503482513e-07,0.0,0.0001727329558136755,0.00012330181925532377,3.6445940349635343e-08,9.761106353575601e-06
2018,construction,8.043517613928055,3.1418187731222796e-05,1.5125805465419018e-05,7.808515641330144e-09,0.3250154118082292,6.01533672183442e-08,0.0,2.2013584602091786e-05,2.1037058773756985e-05,0.0,2.3296401450354864e-06
2018,tertiaire,10.726959543258344,4.226520291201447e-06,-5.955046841484877e-06,3.3161127997140965e-07,0.041148169212671934,3.9590444938295495e-08,0.0,1.0205236118541063e-06,4.504471450210504e-06,0.0,1.4703513413272096e-05
2020,transport,230.0129657478018,0.00014914417354021633,0.00012251858942140064,0.0,0.5662551931153679,6.379472256082047e-07,8.814408960344217e-07,3.169784944644872e-05,2.9822318778974924e-05,0.0,5.82783186690259e-07
2018,indus_manu,174.40608643953357,9.988422942976856e-06,1.987691273943899e-05,1.94749827578066e-05,0.07317633984403302,4.9384339857099067e-08,9.103868384442648e-08,2.339068594975546e-05,1.5731619071553917e-05,7.423979431316138e-08,1.989156128824142e-06
2015,construction,8.040022354230604,1.2309632844164844e-05,1.682054780227088e-05,2.8830845663117444e-05,0.15018115729514234,4.098702009574524e-08,0.0,2.0801611567399203e-05,1.453250525960696e-05,0.0,1.7980466904275263e-05
2016,transport,280.6634438895281,6.867053087134703e-07,7.848503028755483e-07,3.6826960157011793e-09,0.002822712924604924,8.055290584737812e-08,2.0527808440127394e-08,8.131909307013447e-07,6.170977227368938e-07,0.0,1.926384019553001e-06
2018,indus_manu,174.40608643953357,1.2825425977871485e-05,7.122010238385735e-06,1.101990831236197e-08,0.09785330986866782,2.1555216589833033e-08,1.0027318358547926e-07,7.341945690466503e-06,4.530411252625511e-06,0.0,4.0854950103619325e-06
2017,tertiaire,20.21087097061705,2.2384205028966896e-05,3.568798158762833e-05,3.0474138099891048e-06,0.23692794225335756,4.478208015770012e-08,4.6377310373108185e-08,1.3916345470880072e-05,2.5044487088847642e-05,0.0,3.006304671665695e-07
2020,indus_manu,147.33181270326912,2.0972414772363646e-05,1.9701560689596748e-05,7.739251894857625e-06,0.17131612459205553,9.341922342164462e-08,1.131182136187677e-07,1.555846987371808e-05,1.4862957165291062e-05,0.0,1.7224910899659631e-06
2019,tertiaire,88.04158467168689,5.512171861874214e-05,6.422854082761514e-05,8.645264128867886e-07,0.36231271216413197,1.5344565880860792e-07,1.5344565880860795e-07,7.825190467229603e-06,3.513104682198242e-05,1.292078629253696e-07,8.579112555739688e-08
2017,indus_manu,176.198941319901,0.0001054595047402263,6.61546210249156e-05,5.448599001451721e-05,0.8210320119726816,3.2504861635732834e-07,4.873365092897256e-07,1.8005587052122112e-06,2.181358331872925e-05,0.0,3.5980552094284163e-07
2015,dechets,30.59427772494017,0.00035443453295135735,0.0005833469609922901,0.0,0.9826743334368607,1.0778124941689116e-05,,0.0004490954876469568,0.0006526342116773545,0.0,6.4177108029877924e-06
