NbEntrp_secteur,FraisPersonnel_secteur,Salaries_tps_plein_secteur,CA_exportation_secteur,CA_hors_taxe_secteur,EBE_secteur,VA_et_autres_prdts_charges_secteur,ResultatNetComptable_secteur,CapaciteAutofinancement_secteur,ResultatCourantAvantImpots_secteur,InvestCorporelsBrutsHorsApports_secteur,annee_secteur,SecteurDActivite_secteur,secteur_secteur,description_ape_secteur,CO2_secteur,CO2e_secteur,CH4_secteur,N2O_secteur,HFC_secteur,PFC_secteur,SF6_secteur,NF3_secteur,Gaz_fluores_secteur,eges_secteur
5304.0,168.7,3680.0,93.4,912.1,117.7,300.6,59.0,119.2,41.6,91.82875,2009,A,agriculture,"AGRICULTURE, SYLVICULTURE ET PÊCHE",88.5040805195568,12.559923237711203,39812.62409940985,36129.839006899056,1.6941755366784306,0.0,0.0,0.0,1.6941755366784306,177.00985521465026
1838.0,954.6,18756.0,470.5,5687.9,834.8,1990.3,3248.29,4182.891250000001,3195.4529999999995,633.7,2009,B,energie,INDUSTRIES EXTRACTIVES,66.40200732626887,64.11968429751462,1512.2449744525863,421.304619867971,9.870437971423248,0.0,338.90299646227714,0.0,348.7734344337004,63.6984676670212
212665.27272727276,68531.9,1490309.0,69023.2,71368.4,16998.371999999996,84078.845,7742.577999999999,13590.481,10144.914,10744.287,2009,C,indus_manu,INDUSTRIE MANUFACTURIÈRE,89.81911795466515,79.00019918321938,295.4351063622149,4013.2599610938128,3622.708422900517,1665.2754609975295,575.9057096541559,24.9572,5888.846793552201,184.90570579244496
23855.272727272728,441.8,6283.0,1585.2,12790.9,2782.675,3429.7759999999994,105.04600000000003,1901.34375,510.261,5407.8,2009,D,energie,"PRODUCTION ET DISTRIBUTION D'ÉLECTRICITÉ, DE GAZ, DE VAPEUR ET D'AIR CONDITIONNÉ",66.40200732626887,64.11968429751462,1512.2449744525863,421.304619867971,9.870437971423248,0.0,338.90299646227714,0.0,348.7734344337004,69.45432041995026
12138.545454545454,2669.9,56659.0,1370.1,14745.6,1871.155,5079.187,746.6159999999999,1537.323,767.076,3287.8900000000003,2009,E,dechets,"PRODUCTION ET DISTRIBUTION D'EAU ; ASSAINISSEMENT, GESTION DES DÉCHETS ET DÉPOLLUTION",17.95962350159886,1.2673399165486634,16250.369222726056,441.9143623241421,0.0,0.0,0.0,0.0,0.0,35.919247003197725
404996.0,53673.3,1110217.0,2951.9,201663.1,14201.1,70721.1,9629.0,12964.6,11486.6,6327.352222222222,2009,F,construction,CONSTRUCTION,2.9514831961536894,3.262171651372449,6.108467705551914,236.762286452025,67.81770106118304,0.0,0.0,0.0,67.81770106118304,6.592161003806081
709818.2727272727,79343.2,1710012.0,79900.79999999999,786993.0349999999,26959.724,116242.982,16783.214,22326.55,21472.5,10693.695000000002,2009,G,tertiaire,COMMERCE ; RÉPARATION D'AUTOMOBILES ET DE MOTOCYCLES,28.28033991476097,36.26917417710719,72.96370245080705,162.5334196959019,7713.906751897343,2.7902427112299,36.64014559093833,0.0,7753.337140199512,25.296225894910233
84929.0,19432.3,433171.0,2083.6,71882.95,4579.293,24329.524,2089.168,3219.65,2434.522,4779.800000000001,2009,H,transport,TRANSPORTS ET ENTREPOSAGE,135.99509659879257,131.23484753150092,241.5357013738091,1169.6261707281456,3349.0871951896734,0.0,0.0,0.0,3349.0871951896734,275.33928039277475
221531.0,19235.1,527327.0,969.7,70214.768,4587.638000000001,29406.177000000003,2766.343,3365.494444444445,940.583,4716.364444444444,2009,I,tertiaire,HÉBERGEMENT ET RESTAURATION,28.28033991476097,36.26917417710719,72.96370245080705,162.5334196959019,7713.906751897343,2.7902427112299,36.64014559093833,0.0,7753.337140199512,4.309353812758323
80618.0,19460.9,271794.0,6951.5,64160.56599999999,6678.7300000000005,28919.445,1959.046,6544.035000000001,2524.26,2191.752,2009,J,tertiaire,INFORMATION ET COMMUNICATION,28.28033991476097,36.26917417710719,72.96370245080705,162.5334196959019,7713.906751897343,2.7902427112299,36.64014559093833,0.0,7753.337140199512,3.8958749112930544
36590.0,6530.9,4787.0,2409.1,28712.3,4752.4,12042.5,7932.5,7240.5,8599.0,964.3,2009,K,tertiaire,ACTIVITÉS FINANCIÈRES ET D'ASSURANCE,28.28033991476097,36.26917417710719,72.96370245080705,162.5334196959019,7713.906751897343,2.7902427112299,36.64014559093833,0.0,7753.337140199512,2.731758529502856
148615.0,8429.6,150691.0,1194.1,56547.9,18383.7,30243.9,10226.5,18137.6,8558.6,27610.7,2009,L,tertiaire,ACTIVITÉS IMMOBILIÈRES,28.28033991476097,36.26917417710719,72.96370245080705,162.5334196959019,7713.906751897343,2.7902427112299,36.64014559093833,0.0,7753.337140199512,8.329475258258848
476649.8181818182,47695.9,642413.0,14854.5,144881.147,17474.243,71441.26999999999,40507.123,44854.026,39358.395,5525.719999999999,2009,M,tertiaire,"ACTIVITÉS SPÉCIALISÉES, SCIENTIFIQUES ET TECHNIQUES",28.28033991476097,36.26917417710719,72.96370245080705,162.5334196959019,7713.906751897343,2.7902427112299,36.64014559093833,0.0,7753.337140199512,16.30471097082312
199319.0,31061.0,440714.0,7865.7,84699.386,9568.974,38887.5,5117.1,10234.324,5198.464999999999,10197.093,2009,N,tertiaire,ACTIVITÉS DE SERVICES ADMINISTRATIFS ET DE SOUTIEN,28.28033991476097,36.26917417710719,72.96370245080705,162.5334196959019,7713.906751897343,2.7902427112299,36.64014559093833,0.0,7753.337140199512,6.872554715148647
59460.0,4012.6,80454.0,716.7,10205.9,943.5,5071.2,672.8000000000001,853.6,727.0,380.2,2009,P,tertiaire,ENSEIGNEMENT,28.28033991476097,36.26917417710719,72.96370245080705,162.5334196959019,7713.906751897343,2.7902427112299,36.64014559093833,0.0,7753.337140199512,0.8563277251531449
449977.5454545455,18682.4,282744.0,256.9,61679.9,22726.2,44491.2,20632.9,22087.8,21122.0,1280.9,2009,Q,tertiaire,SANTÉ HUMAINE ET ACTION SOCIALE,28.28033991476097,36.26917417710719,72.96370245080705,162.5334196959019,7713.906751897343,2.7902427112299,36.64014559093833,0.0,7753.337140199512,9.012477426461018
60968.0,3938.9,70434.0,599.5999999999999,11667.0,908.1,4777.9,461.3,822.4000000000001,340.0,986.2,2009,R,tertiaire,"ARTS, SPECTACLES ET ACTIVITÉS RÉCRÉATIVES",28.28033991476097,36.26917417710719,72.96370245080705,162.5334196959019,7713.906751897343,2.7902427112299,36.64014559093833,0.0,7753.337140199512,0.8607183938986814
157236.0,7166.599999999999,196700.0,942.1,20174.7,1821.7,9173.5,1410.7,2057.8,1339.1999999999998,822.1940000000001,2009,S,tertiaire,AUTRES ACTIVITÉS DE SERVICES,28.28033991476097,36.26917417710719,72.96370245080705,162.5334196959019,7713.906751897343,2.7902427112299,36.64014559093833,0.0,7753.337140199512,1.822207856205973
5441.0,168.5,3118.0,112.0,968.7,136.3,308.6,69.2,133.8,55.3,85.6,2010,A,agriculture,"AGRICULTURE, SYLVICULTURE ET PÊCHE",86.93252053424114,12.151075607733052,39349.38081502763,35430.19256831995,1.8715431605013515,0.0,0.0,0.0,1.8715431605013515,173.86691261164276
1583.0,806.4,14749.0,603.8,4940.7,825.8,1762.9,7555.400000000001,6268.4,6797.2,640.0,2010,B,energie,INDUSTRIES EXTRACTIVES,66.51174976312262,64.14452930450135,1583.4250149250458,486.059546763062,9.602916180112066,0.0,288.1329807530535,0.0,297.7358969331656,71.13103896001553
210757.0,68278.6,1434289.0,69073.0,333810.69999999995,19764.0,93119.3,10138.1,15807.8,12697.4,11293.2,2010,C,indus_manu,INDUSTRIE MANUFACTURIÈRE,95.90524234508484,86.44306871032902,354.2792935452257,2399.138955844904,3714.523590029178,1830.683190674653,549.9699910587109,32.1296,6127.306371762542,197.35634204832903
14234.0,555.1,838.0,1050.3,15485.3,1757.4,2278.0,-722.0,1727.0,804.0,7025.599999999999,2010,D,energie,"PRODUCTION ET DISTRIBUTION D'ÉLECTRICITÉ, DE GAZ, DE VAPEUR ET D'AIR CONDITIONNÉ",66.51174976312262,64.14452930450135,1583.4250149250458,486.059546763062,9.602916180112066,0.0,288.1329807530535,0.0,297.7358969331656,62.19019646316291
12119.0,3105.2,64402.0,1924.7,19743.8,2650.3,6054.3,1075.9,2194.5,1185.5,6781.7,2010,E,dechets,"PRODUCTION ET DISTRIBUTION D'EAU ; ASSAINISSEMENT, GESTION DES DÉCHETS ET DÉPOLLUTION",18.03274884801236,1.3117458422595267,16253.745430223173,467.2575755296634,0.0,0.0,0.0,0.0,0.0,36.06549769602472
456761.0,54983.5,1100999.0,2517.6,207055.1,15410.4,72605.4,10855.6,15371.0,12365.8,5873.7,2010,F,construction,CONSTRUCTION,2.730748558607484,3.021473065409054,5.728110905396252,212.94776609019243,72.0486298059815,0.0,0.0,0.0,72.0486298059815,6.114994760624089
653084.0,81260.2,1692576.0,87735.8,864710.7,33834.1,125125.8,23899.300000000003,29855.0,28923.6,10192.3,2010,G,tertiaire,COMMERCE ; RÉPARATION D'AUTOMOBILES ET DE MOTOCYCLES,28.75280870879997,37.0957580646776,72.37647813029751,159.30785207142782,8072.380074573457,1.89249167918883,36.99245942325626,0.0,8111.265025675902,24.83607828166713
88872.0,20441.800000000003,432612.0,10240.4,78854.9,5402.0,26917.9,2612.5,4586.1,2948.5,5484.2,2010,H,transport,TRANSPORTS ET ENTREPOSAGE,139.2075413411497,134.19123506302896,222.3069425947544,1215.1348897406249,3578.8644457853616,0.0,0.0,0.0,3578.8644457853616,281.9939471280848
239853.0,21094.3,556692.0,459.2,65261.2,6882.3,29192.800000000003,3650.5,6268.0,3413.3,5241.9,2010,I,tertiaire,HÉBERGEMENT ET RESTAURATION,28.75280870879997,37.0957580646776,72.37647813029751,159.30785207142782,8072.380074573457,1.89249167918883,36.99245942325626,0.0,8111.265025675902,4.5585925663450135
108675.0,20339.5,277387.0,8082.4,66059.9,6822.3,27645.4,1329.5,6690.2,2559.5,1864.1,2010,J,tertiaire,INFORMATION ET COMMUNICATION,28.75280870879997,37.0957580646776,72.37647813029751,159.30785207142782,8072.380074573457,1.89249167918883,36.99245942325626,0.0,8111.265025675902,3.6305608566867646
64648.0,8003.5,51456.0,6525.400000000001,31497.6,6536.700000000001,15287.7,22910.1,27145.5,45033.9,2074.4,2010,K,tertiaire,ACTIVITÉS FINANCIÈRES ET D'ASSURANCE,28.75280870879997,37.0957580646776,72.37647813029751,159.30785207142782,8072.380074573457,1.89249167918883,36.99245942325626,0.0,8111.265025675902,5.256114963961016
149571.0,8691.3,151607.0,607.5,60581.7,20536.9,32761.8,11575.6,18227.1,10523.0,26662.2,2010,L,tertiaire,ACTIVITÉS IMMOBILIÈRES,28.75280870879997,37.0957580646776,72.37647813029751,159.30785207142782,8072.380074573457,1.89249167918883,36.99245942325626,0.0,8111.265025675902,7.29716971695068
407657.0,54009.4,673763.0,15730.2,157244.6,19811.1,74577.6,103085.7,101672.1,95269.6,5162.5,2010,M,tertiaire,"ACTIVITÉS SPÉCIALISÉES, SCIENTIFIQUES ET TECHNIQUES",28.75280870879997,37.0957580646776,72.37647813029751,159.30785207142782,8072.380074573457,1.89249167918883,36.99245942325626,0.0,8111.265025675902,19.26838176192373
165343.0,27389.4,490934.0,9397.8,89530.0,12486.5,40886.6,3279.7,14774.7,4759.9,15090.9,2010,N,tertiaire,ACTIVITÉS DE SERVICES ADMINISTRATIFS ET DE SOUTIEN,28.75280870879997,37.0957580646776,72.37647813029751,159.30785207142782,8072.380074573457,1.89249167918883,36.99245942325626,0.0,8111.265025675902,6.941761396329502
88539.0,1951.0,68662.0,304.8,6019.9,755.6,2790.1,533.9,719.3,572.4,397.6,2010,P,tertiaire,ENSEIGNEMENT,28.75280870879997,37.0957580646776,72.37647813029751,159.30785207142782,8072.380074573457,1.89249167918883,36.99245942325626,0.0,8111.265025675902,0.6816775401874193
371520.0,19530.6,289517.0,172.2,63454.2,23653.4,45507.5,21330.4,22637.7,21804.2,1494.3000000000002,2010,Q,tertiaire,SANTÉ HUMAINE ET ACTION SOCIALE,28.75280870879997,37.0957580646776,72.37647813029751,159.30785207142782,8072.380074573457,1.89249167918883,36.99245942325626,0.0,8111.265025675902,7.124708666130516
75876.0,4131.6,70588.0,453.0,12404.3,908.5,4920.3,285.8,602.1,185.4,899.4,2010,R,tertiaire,"ARTS, SPECTACLES ET ACTIVITÉS RÉCRÉATIVES",28.75280870879997,37.0957580646776,72.37647813029751,159.30785207142782,8072.380074573457,1.89249167918883,36.99245942325626,0.0,8111.265025675902,0.827426397270207
200388.0,7842.2,203687.0,547.4,21786.9,2163.6,10158.3,1415.7,1855.4,1401.4,973.8,2010,S,tertiaire,AUTRES ACTIVITÉS DE SERVICES,28.75280870879997,37.0957580646776,72.37647813029751,159.30785207142782,8072.380074573457,1.89249167918883,36.99245942325626,0.0,8111.265025675902,1.8803090075791176
5280.0,173.7,3155.0,98.7,1013.2,116.2,294.5,67.9,120.2,47.2,74.7,2011,A,agriculture,"AGRICULTURE, SYLVICULTURE ET PÊCHE",86.10647969477951,12.057629276525432,39139.62362807098,34907.36528921012,1.8615009729857908,0.0,0.0,0.0,1.8615009729857908,172.214820890532
1776.0,967.5,3010.0,614.2,5931.200000000001,905.2,2025.1,7313.2,6978.3,7174.2,640.5999999999999,2011,B,energie,INDUSTRIES EXTRACTIVES,57.65131862230247,55.55211631450954,1500.9212947068688,346.8733819799311,10.716950288900652,0.0,240.6906808172107,0.0,251.40763110611132,60.53335897270777
205428.0,68686.3,1409933.0,74176.4,347873.69999999995,20128.7,93829.2,5434.0,16245.8,7709.299999999999,12875.2,2011,C,indus_manu,INDUSTRIE MANUFACTURIÈRE,92.6515715633388,83.19394641441252,318.19068738974715,1472.5389237824377,4099.065361657415,2282.228805643278,373.11348868112685,31.355599999999995,6785.763255981819,191.2077741008872
16323.0,504.9,6550.0,2572.6,15073.0,1101.6,1704.1,-1215.6,723.6999999999999,-274.9,7587.4,2011,D,energie,"PRODUCTION ET DISTRIBUTION D'ÉLECTRICITÉ, DE GAZ, DE VAPEUR ET D'AIR CONDITIONNÉ",57.65131862230247,55.55211631450954,1500.9212947068688,346.8733819799311,10.716950288900652,0.0,240.6906808172107,0.0,251.40763110611132,55.02068590300326
11575.0,3116.4,63670.0,2431.0,20901.4,2729.2,6156.0,1342.3,2298.6,1203.4,4414.5,2011,E,dechets,"PRODUCTION ET DISTRIBUTION D'EAU ; ASSAINISSEMENT, GESTION DES DÉCHETS ET DÉPOLLUTION",17.60150702915863,1.364724459293642,15820.224708250884,416.5578616141016,0.0,0.0,0.0,0.0,0.0,35.20301405831726
493374.2727272727,52871.01100000001,1021672.2,2769.003,205404.63000000003,13085.88,68131.403,8920.619999999999,12160.27,10428.396000000002,6327.352222222222,2011,F,construction,CONSTRUCTION,3.875495347285777,4.316061488171918,7.442502157317497,357.9089078315603,75.21473089726331,0.0,0.0,0.0,75.21473089726331,8.7073377072411
681968.0,84268.5,1689361.0,99942.3,925697.5,33770.899999999994,129384.9,21363.4,28514.0,26598.0,10744.2,2011,G,tertiaire,COMMERCE ; RÉPARATION D'AUTOMOBILES ET DE MOTOCYCLES,23.325320604173108,31.95002280500504,57.55628961469522,154.98286474226828,8372.433528890631,2.57029059728388,37.159226987048,0.0,8412.163046474965,21.98981120002934
92886.0,20249.7,431209.0,10748.9,79322.7,4273.4,25351.9,865.1,-138.0,1700.9,5200.700000000001,2011,H,transport,TRANSPORTS ET ENTREPOSAGE,139.46810028806004,134.38306766755102,204.49539038555488,1227.060422463752,3653.4768076596856,0.0,0.0,0.0,3653.4768076596856,282.58967738377976
245796.0,21961.0,564629.0,468.1,67952.5,7284.3,30547.6,3601.3,6630.900000000001,3360.4,5208.0,2011,I,tertiaire,HÉBERGEMENT ET RESTAURATION,23.325320604173108,31.95002280500504,57.55628961469522,154.98286474226828,8372.433528890631,2.57029059728388,37.159226987048,0.0,8412.163046474965,4.009609046703424
108271.0,21400.7,285525.0,8421.5,68500.1,7526.1,29478.9,2628.1000000000004,7855.6,3063.8,2129.8,2011,J,tertiaire,INFORMATION ET COMMUNICATION,23.325320604173108,31.95002280500504,57.55628961469522,154.98286474226828,8372.433528890631,2.57029059728388,37.159226987048,0.0,8412.163046474965,3.3339588852241295
71652.0,8639.900000000001,86706.0,3795.5,29032.0,4387.4,13861.4,28731.5,36074.0,30394.300000000003,2222.7,2011,K,tertiaire,ACTIVITÉS FINANCIÈRES ET D'ASSURANCE,23.325320604173108,31.95002280500504,57.55628961469522,154.98286474226828,8372.433528890631,2.57029059728388,37.159226987048,0.0,8412.163046474965,4.562438120737867
153660.0,8990.7,152252.0,569.8,64317.7,22820.4,35517.4,14967.7,21767.5,12331.9,27684.1,2011,L,tertiaire,ACTIVITÉS IMMOBILIÈRES,23.325320604173108,31.95002280500504,57.55628961469522,154.98286474226828,8372.433528890631,2.57029059728388,37.159226987048,0.0,8412.163046474965,6.822457168316023
414236.0,55313.1,699097.0,16718.0,163229.7,20925.5,77582.1,81081.6,82535.0,68885.6,7816.3,2011,M,tertiaire,"ACTIVITÉS SPÉCIALISÉES, SCIENTIFIQUES ET TECHNIQUES",23.325320604173108,31.95002280500504,57.55628961469522,154.98286474226828,8372.433528890631,2.57029059728388,37.159226987048,0.0,8412.163046474965,15.42809476885055
166826.0,28159.300000000003,462146.0,9651.1,92877.5,12805.8,42005.9,18013.2,19422.4,7461.6,14273.4,2011,N,tertiaire,ACTIVITÉS DE SERVICES ADMINISTRATIFS ET DE SOUTIEN,23.325320604173108,31.95002280500504,57.55628961469522,154.98286474226828,8372.433528890631,2.57029059728388,37.159226987048,0.0,8412.163046474965,6.6015216736846245
84184.0,2093.5,84824.0,310.6,6193.8,760.9,2909.5,1859.5,729.4,1876.3,462.4,2011,P,tertiaire,ENSEIGNEMENT,23.325320604173108,31.95002280500504,57.55628961469522,154.98286474226828,8372.433528890631,2.57029059728388,37.159226987048,0.0,8412.163046474965,0.703658248013689
379207.0,22257.9,323905.0,146.2,68143.5,24053.7,48768.9,22067.7,23370.4,22465.5,1456.2,2011,Q,tertiaire,SANTÉ HUMAINE ET ACTION SOCIALE,23.325320604173108,31.95002280500504,57.55628961469522,154.98286474226828,8372.433528890631,2.57029059728388,37.159226987048,0.0,8412.163046474965,6.554457574484692
75652.0,4446.2,74568.0,385.8,12775.4,966.1,4973.9,627.1,841.5,488.2,1082.5,2011,R,tertiaire,"ARTS, SPECTACLES ET ACTIVITÉS RÉCRÉATIVES",23.325320604173108,31.95002280500504,57.55628961469522,154.98286474226828,8372.433528890631,2.57029059728388,37.159226987048,0.0,8412.163046474965,0.7651901322482696
195604.0,7790.5,197883.0,407.9,20826.0,2017.3,9924.3,1176.3000000000002,2099.1,1117.5,758.6,2011,S,tertiaire,AUTRES ACTIVITÉS DE SERVICES,23.325320604173108,31.95002280500504,57.55628961469522,154.98286474226828,8372.433528890631,2.57029059728388,37.159226987048,0.0,8412.163046474965,1.5410118381924305
5633.0,223.3,4335.0,134.7,1326.1,109.7,341.6,52.0,114.3,32.0,91.82875,2012,A,agriculture,"AGRICULTURE, SYLVICULTURE ET PÊCHE",85.44126626226803,11.609418525715174,38437.54142917095,35392.23977675712,2.066530624805399,0.0,0.0,0.0,2.066530624805399,170.8845990551609
1706.0,797.1999999999999,13940.0,408.2000000000001,4968.9,708.1999999999999,1654.4,7397.7,8041.700000000001,7926.299999999999,623.5,2012,B,energie,INDUSTRIES EXTRACTIVES,58.41001094165279,56.31723887515853,1466.2567578181386,379.7024342873857,10.215958448839617,0.0,236.5969159399039,0.0,246.81287438874352,54.46127688086278
216376.0,69641.1,1416810.0,76161.2,339024.5,17570.6,92281.8,8349.9,14276.3,11063.3,11311.2,2012,C,indus_manu,INDUSTRIE MANUFACTURIÈRE,90.1618214005489,80.8841142059969,297.7181467945835,1109.3037253600432,4231.410032268686,2353.769358106001,383.4638811909191,20.3992,6989.042471565606,186.43104242183165
18533.0,577.1,7510.0,1665.6,17812.2,2891.6000000000004,3696.0,-30.700000000000045,2032.9,30.000000000000057,6834.0,2012,D,energie,"PRODUCTION ET DISTRIBUTION D'ÉLECTRICITÉ, DE GAZ, DE VAPEUR ET D'AIR CONDITIONNÉ",58.41001094165279,56.31723887515853,1466.2567578181386,379.7024342873857,10.215958448839617,0.0,236.5969159399039,0.0,246.81287438874352,62.60555787683156
13408.0,3369.2000000000003,70870.0,2458.1,21146.6,2369.0,6154.799999999999,1078.7,2118.2,1171.8000000000002,3339.2,2012,E,dechets,"PRODUCTION ET DISTRIBUTION D'EAU ; ASSAINISSEMENT, GESTION DES DÉCHETS ET DÉPOLLUTION",16.951349928980452,1.2824838934832272,15227.440653092735,441.42538240448846,0.0,0.0,0.0,0.0,0.0,33.902699857960904
512557.0,57358.9,1118949.0,2294.7000000000003,228331.5,14245.9,74052.1,9883.5,14455.0,10816.7,6545.3,2012,F,construction,CONSTRUCTION,3.7090911348733617,4.149912560289248,7.087711752115387,356.8357921913931,76.89792147237726,0.0,0.0,0.0,76.89792147237726,8.376723042050873
709267.0,85769.70000000001,1723117.0,98734.7,947597.6,30049.1,127273.7,19210.2,25173.7,24930.2,11810.7,2012,G,tertiaire,COMMERCE ; RÉPARATION D'AUTOMOBILES ET DE MOTOCYCLES,25.164207489544864,33.830068260853665,63.0613049984414,157.16125781363078,8407.682431338133,2.75564192298765,35.20013523560542,0.0,8445.638208496726,24.771370811019928
98230.0,21174.7,445294.0,11121.0,82599.29999999999,4662.7,26965.2,1206.4,1050.3,1651.3,2725.2,2012,H,transport,TRANSPORTS ET ENTREPOSAGE,137.82589375332293,132.63590241014666,186.23614152194483,1266.5267816389066,3737.2284200154704,0.0,0.0,0.0,3737.2284200154704,279.38901592666133
252502.0,22955.9,602029.0,539.6,69812.2,4143.4,28789.5,1842.2,3535.8,1670.8000000000002,5546.4,2012,I,tertiaire,HÉBERGEMENT ET RESTAURATION,25.164207489544864,33.830068260853665,63.0613049984414,157.16125781363078,8407.682431338133,2.75564192298765,35.20013523560542,0.0,8445.638208496726,4.587568953066294
125324.0,22238.3,289529.0,8867.0,69642.79999999999,7357.200000000001,30216.0,2428.5,7226.5,3495.2,1778.5,2012,J,tertiaire,INFORMATION ET COMMUNICATION,25.164207489544864,33.830068260853665,63.0613049984414,157.16125781363078,8407.682431338133,2.75564192298765,35.20013523560542,0.0,8445.638208496726,3.873161229167819
85253.0,9366.1,98025.0,3420.4,29797.8,4113.5,14404.3,10952.0,31542.9,9484.6,2046.4,2012,K,tertiaire,ACTIVITÉS FINANCIÈRES ET D'ASSURANCE,25.164207489544864,33.830068260853665,63.0613049984414,157.16125781363078,8407.682431338133,2.75564192298765,35.20013523560542,0.0,8445.638208496726,4.035693484876545
227477.0,9004.5,154749.0,758.2,66210.6,20848.1,34342.8,13092.0,499.1,10403.9,503.8,2012,L,tertiaire,ACTIVITÉS IMMOBILIÈRES,25.164207489544864,33.830068260853665,63.0613049984414,157.16125781363078,8407.682431338133,2.75564192298765,35.20013523560542,0.0,8445.638208496726,4.285119102361898
470677.0,57677.0,730256.0,18069.4,163718.3,17144.4,76349.7,63885.2,65669.90000000001,61476.9,4242.8,2012,M,tertiaire,"ACTIVITÉS SPÉCIALISÉES, SCIENTIFIQUES ET TECHNIQUES",25.164207489544864,33.830068260853665,63.0613049984414,157.16125781363078,8407.682431338133,2.75564192298765,35.20013523560542,0.0,8445.638208496726,16.991869474103826
191509.0,29820.3,486532.0,9691.1,95755.4,11950.2,42949.100000000006,6607.7,13861.7,5269.299999999999,3053.9,2012,N,tertiaire,ACTIVITÉS DE SERVICES ADMINISTRATIFS ET DE SOUTIEN,25.164207489544864,33.830068260853665,63.0613049984414,157.16125781363078,8407.682431338133,2.75564192298765,35.20013523560542,0.0,8445.638208496726,5.952159514263576
112418.0,4597.5,82190.0,544.2,11735.5,1092.4,5812.799999999999,1956.2,1037.922,2079.2000000000003,614.698,2012,P,tertiaire,ENSEIGNEMENT,25.164207489544864,33.830068260853665,63.0613049984414,157.16125781363078,8407.682431338133,2.75564192298765,35.20013523560542,0.0,8445.638208496726,1.0976140178209288
400412.0,22761.9,328679.0,122.6,69285.79999999999,23715.4,49706.2,22134.6,23027.8,22691.1,1332.6,2012,Q,tertiaire,SANTÉ HUMAINE ET ACTION SOCIALE,25.164207489544864,33.830068260853665,63.0613049984414,157.16125781363078,8407.682431338133,2.75564192298765,35.20013523560542,0.0,8445.638208496726,7.786664658445736
200725.0,4926.0,75866.0,381.1,15203.9,1651.1,6511.0,891.9,49.2,746.5,576.9,2012,R,tertiaire,"ARTS, SPECTACLES ET ACTIVITÉS RÉCRÉATIVES",25.164207489544864,33.830068260853665,63.0613049984414,157.16125781363078,8407.682431338133,2.75564192298765,35.20013523560542,0.0,8445.638208496726,1.186889621613869
223987.0,7620.5,195635.0,379.7000000000001,20900.0,1970.6,9838.2,1251.5,146.5,1312.3,166.9,2012,S,tertiaire,AUTRES ACTIVITÉS DE SERVICES,25.164207489544864,33.830068260853665,63.0613049984414,157.16125781363078,8407.682431338133,2.75564192298765,35.20013523560542,0.0,8445.638208496726,1.5376638634636282
5464.0,178.9,3789.0,128.9,1199.6,88.4,273.40000000000003,32.3,79.2,18.3,78.5,2013,A,agriculture,"AGRICULTURE, SYLVICULTURE ET PÊCHE",85.6839922693485,12.14532413829829,38400.82707280308,35135.65989065688,2.1811675902369,0.0,0.0,0.0,2.1811675902369,171.37016570628722
1723.0,754.5,10926.0,419.0,4088.2,505.8,1394.9,5168.2,6349.5,5099.1,489.3,2013,B,energie,INDUSTRIES EXTRACTIVES,57.900698045493485,55.7079324833633,1413.0729932249449,551.3161716698988,9.773802715023963,0.0,218.60259452030903,0.0,228.37639723533303,52.51548672023273
230177.0,67768.6,1378906.0,72573.7,324993.2,17105.0,89851.2,7135.599999999999,13080.0,10480.1,10852.0,2013,C,indus_manu,INDUSTRIE MANUFACTURIÈRE,89.58582879296168,80.80065822553357,282.4363895226412,1092.944797146914,4190.48625276561,1995.45022239952,330.2081475486247,10.6296,6526.774222713753,184.8154166505923
20746.0,526.0,7447.0,1193.0,15565.5,2877.8,3612.1,-32.6,1782.8000000000002,347.20000000000005,4469.7,2013,D,energie,"PRODUCTION ET DISTRIBUTION D'ÉLECTRICITÉ, DE GAZ, DE VAPEUR ET D'AIR CONDITIONNÉ",57.900698045493485,55.7079324833633,1413.0729932249449,551.3161716698988,9.773802715023963,0.0,218.60259452030903,0.0,228.37639723533303,63.514285767989584
13952.0,3272.1,67216.0,2008.2,19142.4,1739.1999999999998,5410.0,686.9000000000001,1449.7,738.8,2658.7,2013,E,dechets,"PRODUCTION ET DISTRIBUTION D'EAU ; ASSAINISSEMENT, GESTION DES DÉCHETS ET DÉPOLLUTION",16.866991346235736,1.2777487516789787,15151.913062819009,437.32953173775127,0.0,0.0,0.0,0.0,0.0,33.73398269247147
560432.0,54009.4,1042139.0,2146.9,214677.7,13447.1,69697.1,9166.8,12911.2,10909.8,5451.3,2013,F,construction,CONSTRUCTION,3.7017917894527783,4.143299368475172,7.064703908177933,358.2483464345148,76.19452867970051,0.0,0.0,0.0,76.19452867970051,8.362793265630044
776444.0,83557.2,1688153.0,96642.2,880707.4,25775.2,120218.6,15146.3,21001.9,20356.7,10273.7,2013,G,tertiaire,COMMERCE ; RÉPARATION D'AUTOMOBILES ET DE MOTOCYCLES,26.44682068156676,35.04622436682517,66.62632732317753,162.58923208870516,8333.080849310707,2.34534113588199,34.76193539994414,0.0,8370.188125846533,23.273209350586946
103325.0,19881.7,421310.0,10073.6,76546.0,4610.1,25175.0,1513.3,3684.9,1955.7,6677.700000000001,2013,H,transport,TRANSPORTS ET ENTREPOSAGE,136.98612861225516,131.75268802869434,172.43819199158924,1276.7789123356854,3784.223479233535,0.0,0.0,0.0,3784.223479233535,277.7564807037438
262544.0,22952.1,594738.0,621.8,68196.20000000001,3874.2,28228.5,3473.5,233.9,938.5,766.2,2013,I,tertiaire,HÉBERGEMENT ET RESTAURATION,26.44682068156676,35.04622436682517,66.62632732317753,162.58923208870516,8333.080849310707,2.34534113588199,34.76193539994414,0.0,8370.188125846533,3.5003820288104284
146294.0,21486.2,286972.0,9312.4,69086.9,7113.5,29186.3,1789.4,6880.8,2707.7000000000003,2482.5,2013,J,tertiaire,INFORMATION ET COMMUNICATION,26.44682068156676,35.04622436682517,66.62632732317753,162.58923208870516,8333.080849310707,2.34534113588199,34.76193539994414,0.0,8370.188125846533,3.875389230246537
125938.0,15449.1,151585.0,3962.4,44480.6,3129.1000000000004,20018.9,39157.1,57956.5,43351.7,3398.3,2013,K,tertiaire,ACTIVITÉS FINANCIÈRES ET D'ASSURANCE,26.44682068156676,35.04622436682517,66.62632732317753,162.58923208870516,8333.080849310707,2.34534113588199,34.76193539994414,0.0,8370.188125846533,9.256151449080368
223558.0,8715.8,148421.0,672.0,60582.3,19723.8,32334.2,9183.2,16025.8,7065.299999999999,26334.0,2013,L,tertiaire,ACTIVITÉS IMMOBILIÈRES,26.44682068156676,35.04622436682517,66.62632732317753,162.58923208870516,8333.080849310707,2.34534113588199,34.76193539994414,0.0,8370.188125846533,7.534788671852323
486287.0,51661.1,674518.0,15882.5,142115.3,15399.3,68321.7,23335.5,32485.0,26146.2,5279.200000000001,2013,M,tertiaire,"ACTIVITÉS SPÉCIALISÉES, SCIENTIFIQUES ET TECHNIQUES",26.44682068156676,35.04622436682517,66.62632732317753,162.58923208870516,8333.080849310707,2.34534113588199,34.76193539994414,0.0,8370.188125846533,11.746384996983375
211336.0,28649.800000000003,481074.0,10334.5,90052.79999999999,11042.6,40835.5,4713.8,7807.4,5606.6,12381.5,2013,N,tertiaire,ACTIVITÉS DE SERVICES ADMINISTRATIFS ET DE SOUTIEN,26.44682068156676,35.04622436682517,66.62632732317753,162.58923208870516,8333.080849310707,2.34534113588199,34.76193539994414,0.0,8370.188125846533,6.553938437369346
144242.0,5232.3,87547.0,666.8,13217.5,1164.8,6383.7,721.9,946.2,817.3000000000001,289.3,2013,P,tertiaire,ENSEIGNEMENT,26.44682068156676,35.04622436682517,66.62632732317753,162.58923208870516,8333.080849310707,2.34534113588199,34.76193539994414,0.0,8370.188125846533,1.01978944376374
427839.0,23971.6,342151.0,145.6,73493.1,25905.1,52301.0,23856.800000000003,25244.9,24395.1,1334.8,2013,Q,tertiaire,SANTÉ HUMAINE ET ACTION SOCIALE,26.44682068156676,35.04622436682517,66.62632732317753,162.58923208870516,8333.080849310707,2.34534113588199,34.76193539994414,0.0,8370.188125846533,8.818072639416359
214759.0,4880.700000000001,79536.0,405.7,14791.9,1579.3000000000002,6373.5,760.4,1386.6,674.4000000000001,1514.6,2013,R,tertiaire,"ARTS, SPECTACLES ET ACTIVITÉS RÉCRÉATIVES",26.44682068156676,35.04622436682517,66.62632732317753,162.58923208870516,8333.080849310707,2.34534113588199,34.76193539994414,0.0,8370.188125846533,1.3206301512294716
253631.0,7191.4,187060.0,384.8,19152.3,1830.7,9266.1,1129.2,80.4,1171.6,229.9,2013,S,tertiaire,AUTRES ACTIVITÉS DE SERVICES,26.44682068156676,35.04622436682517,66.62632732317753,162.58923208870516,8333.080849310707,2.34534113588199,34.76193539994414,0.0,8370.188125846533,1.563900460157985
5469.0,196.6,4020.0,146.3,1331.5,87.4,293.7,38.5,89.365,25.8,91.82875,2014,A,agriculture,"AGRICULTURE, SYLVICULTURE ET PÊCHE",87.63962973180602,12.166407062629828,39191.34019196088,36279.55412979105,2.328347424272818,0.0,0.0,0.0,2.328347424272818,175.28158781103633
1878.0,952.1,11560.0,550.6,4877.1,449.5,1562.6,3836.6,4281.8,4081.3,527.2,2014,B,energie,INDUSTRIES EXTRACTIVES,44.68218775018255,42.95551051011653,1260.2223787599692,270.6832702864052,8.308508076320802,0.0,187.4630829433264,0.0,195.7715910196472,38.38592266134468
233736.0,67841.0,1365394.0,73748.0,324532.1,18047.9,90769.6,7266.1,13973.0,10960.7,11354.8,2014,C,indus_manu,INDUSTRIE MANUFACTURIÈRE,86.02810764675624,77.37399254734062,278.68615407444065,1261.5728022178864,4157.138632751433,1828.928517133004,254.3281881690903,6.3714992000000015,6246.766837253526,177.43589282489626
24862.0,560.0999999999999,7720.0,1348.9,16483.3,3098.9,3903.8,610.7,1967.6,752.7,5179.8,2014,D,energie,"PRODUCTION ET DISTRIBUTION D'ÉLECTRICITÉ, DE GAZ, DE VAPEUR ET D'AIR CONDITIONNÉ",44.68218775018255,42.95551051011653,1260.2223787599692,270.6832702864052,8.308508076320802,0.0,187.4630829433264,0.0,195.7715910196472,51.17422443004009
12773.0,3266.8,66860.0,1741.3000000000002,19090.0,1797.8,5447.5,740.0,1519.5,786.8,2583.4,2014,E,dechets,"PRODUCTION ET DISTRIBUTION D'EAU ; ASSAINISSEMENT, GESTION DES DÉCHETS ET DÉPOLLUTION",16.518381036938756,1.50545290674181,14611.175955992436,401.75217420451065,0.0,0.0,0.0,0.0,0.0,33.03676207387751
575504.0,52758.4,1009991.0,3084.3,209758.3,11512.4,66480.8,7433.1,9972.9,9052.8,6099.6,2014,F,construction,CONSTRUCTION,3.6019016772045536,4.035446330139439,6.77852693334494,352.9038792690255,73.8622467325144,0.0,0.0,0.0,73.8622467325144,8.144754907011391
801453.0,84148.8,1689181.0,97024.6,876404.7000000001,25733.1,120770.1,15854.3,21441.5,21017.6,10326.2,2014,G,tertiaire,COMMERCE ; RÉPARATION D'AUTOMOBILES ET DE MOTOCYCLES,23.014015270137733,31.47816680328186,58.2505784923061,159.60426100686493,8210.637992432865,3.18534113588199,32.4733600762067,0.0,8246.296693644954,20.689953868111004
105713.0,20066.7,422994.0,10285.3,78721.20000000001,4985.799999999999,25725.3,2403.1,4211.6,2688.3,5908.0,2014,H,transport,TRANSPORTS ET ENTREPOSAGE,136.98022730832437,131.75389163745777,162.34278196887178,1290.4663799862517,3773.526508911465,0.0,0.0,0.0,3773.526508911465,277.7339811255602
272887.0,23068.2,610318.0,631.5,68534.5,3051.9,27507.300000000003,2669.7,3365.494444444445,-365.0999999999999,4716.364444444444,2014,I,tertiaire,HÉBERGEMENT ET RESTAURATION,23.014015270137733,31.47816680328186,58.2505784923061,159.60426100686493,8210.637992432865,3.18534113588199,32.4733600762067,0.0,8246.296693644954,3.4672586049981486
152165.0,22296.9,294095.0,10420.1,70634.9,8137.0,31003.1,1645.0,7816.8,3056.0,2409.8,2014,J,tertiaire,INFORMATION ET COMMUNICATION,23.014015270137733,31.47816680328186,58.2505784923061,159.60426100686493,8210.637992432865,3.18534113588199,32.4733600762067,0.0,8246.296693644954,3.6328974493009043
133309.0,16239.9,156619.0,4249.4,46463.8,3351.5,21073.8,60071.5,66745.7,56334.8,4237.2,2014,K,tertiaire,ACTIVITÉS FINANCIÈRES ET D'ASSURANCE,23.014015270137733,31.47816680328186,58.2505784923061,159.60426100686493,8210.637992432865,3.18534113588199,32.4733600762067,0.0,8246.296693644954,9.69349419417371
209453.0,7829.700000000001,146816.0,613.0,55663.5,17411.9,29037.5,10292.1,14839.1,6393.1,25691.7,2014,L,tertiaire,ACTIVITÉS IMMOBILIÈRES,23.014015270137733,31.47816680328186,58.2505784923061,159.60426100686493,8210.637992432865,3.18534113588199,32.4733600762067,0.0,8246.296693644954,6.136093602143228
515537.0,52798.7,677866.0,17297.199999999997,145628.59999999998,15383.3,69011.20000000001,21450.3,31489.6,26600.2,5406.299999999999,2014,M,tertiaire,"ACTIVITÉS SPÉCIALISÉES, SCIENTIFIQUES ET TECHNIQUES",23.014015270137733,31.47816680328186,58.2505784923061,159.60426100686493,8210.637992432865,3.18534113588199,32.4733600762067,0.0,8246.296693644954,10.233625623089615
222939.0,30053.6,498036.0,10071.6,92729.5,11226.2,42406.1,4506.7,11232.4,5015.2,13545.5,2014,N,tertiaire,ACTIVITÉS DE SERVICES ADMINISTRATIFS ET DE SOUTIEN,23.014015270137733,31.47816680328186,58.2505784923061,159.60426100686493,8210.637992432865,3.18534113588199,32.4733600762067,0.0,8246.296693644954,6.027252801003725
158586.0,4822.9,91063.0,685.9000000000001,13074.0,1264.0,6170.3,826.6999999999999,1090.8,937.9,463.9,2014,P,tertiaire,ENSEIGNEMENT,23.014015270137733,31.47816680328186,58.2505784923061,159.60426100686493,8210.637992432865,3.18534113588199,32.4733600762067,0.0,8246.296693644954,0.9515385871942539
450283.0,24789.7,354166.0,144.2,75385.7,26375.1,53782.7,24563.2,25705.8,25129.2,1266.5,2014,Q,tertiaire,SANTÉ HUMAINE ET ACTION SOCIALE,23.014015270137733,31.47816680328186,58.2505784923061,159.60426100686493,8210.637992432865,3.18534113588199,32.4733600762067,0.0,8246.296693644954,7.799218786646714
224251.0,5086.1,82892.0,653.9,15826.5,1771.8,6809.200000000001,366.7000000000001,1547.3,312.7,1153.7,2014,R,tertiaire,"ARTS, SPECTACLES ET ACTIVITÉS RÉCRÉATIVES",23.014015270137733,31.47816680328186,58.2505784923061,159.60426100686493,8210.637992432865,3.18534113588199,32.4733600762067,0.0,8246.296693644954,1.1518294063140202
270184.0,7177.8,187363.0,392.6,19029.300000000003,1867.9,9292.3,1170.0,197.0,1203.9,250.1,2014,S,tertiaire,AUTRES ACTIVITÉS DE SERVICES,23.014015270137733,31.47816680328186,58.2505784923061,159.60426100686493,8210.637992432865,3.18534113588199,32.4733600762067,0.0,8246.296693644954,1.419467377233347
5141.0,81.4,1849.0,81.3,586.7,28.9,113.0,21.0,23.0,17.6,100.2,2015,A,agriculture,"AGRICULTURE, SYLVICULTURE ET PÊCHE",87.37883477113752,12.112606617552045,39302.97811187901,35960.908295111694,2.3417465947618057,0.0,0.0,0.0,2.3417465947618057,174.76001128886978
2083.0,937.9,13474.0,570.3000000000001,4519.3,451.7,1544.5,526.5,1605.2,661.9000000000001,417.7000000000001,2015,B,energie,INDUSTRIES EXTRACTIVES,46.73919855705096,45.00665283479342,1246.5688303202471,275.2377218660646,7.26887330153354,0.0,203.47029676969296,0.0,210.7391700712265,32.740599303033946
211949.0,67725.5,1346596.0,74211.8,320593.4,18760.2,91080.9,8955.9,15057.2,12407.8,11943.9,2015,C,indus_manu,INDUSTRIE MANUFACTURIÈRE,84.33332880894328,75.63613091892334,283.0631436766557,1386.4800214191105,4308.2896324355725,1591.1125242092664,267.6933994732796,6.233806664000001,6173.32936278212,173.98566161852662
27041.0,523.9,7358.0,1478.9,17065.0,3672.2,4407.1,285.9,1859.3,858.0,4770.1,2015,D,energie,"PRODUCTION ET DISTRIBUTION D'ÉLECTRICITÉ, DE GAZ, DE VAPEUR ET D'AIR CONDITIONNÉ",46.73919855705096,45.00665283479342,1246.5688303202471,275.2377218660646,7.26887330153354,0.0,203.47029676969296,0.0,210.7391700712265,60.9485369811392
12207.0,3370.6000000000004,68910.0,1720.3,18974.0,1816.2,5597.8,603.4,1620.8,739.8,2538.0,2015,E,dechets,"PRODUCTION ET DISTRIBUTION D'EAU ; ASSAINISSEMENT, GESTION DES DÉCHETS ET DÉPOLLUTION",15.297138862470083,1.2750411603045022,13607.871912723102,414.2257894424816,0.0,0.0,0.0,0.0,0.0,30.59427772494017
493874.0,51329.9,980397.0,3074.3,207322.5,11604.5,65017.3,7630.700000000001,10176.7,9052.1,5519.6,2015,F,construction,CONSTRUCTION,3.5569088919414558,3.984071573012487,6.675972142901131,348.60750072250045,71.87920820562992,0.0,0.0,0.0,71.87920820562992,8.040022354230604
716441.0,85559.4,1680911.0,98153.0,890130.8,26996.9,123089.2,15101.9,21623.0,21225.2,11159.8,2015,G,tertiaire,COMMERCE ; RÉPARATION D'AUTOMOBILES ET DE MOTOCYCLES,24.075615926592068,32.346289201725966,60.92233190835402,160.585381398785,8019.948057493333,2.271841135881989,26.945663197541588,0.0,8049.165561826757,20.41391976509726
105960.0,20038.3,428995.0,10249.5,78803.70000000001,5551.9,26238.2,2628.2,5190.5,3304.8,6168.4,2015,H,transport,TRANSPORTS ET ENTREPOSAGE,137.96640723591403,132.86114973513304,158.382063340536,1314.0549582515591,3632.820479188899,0.0,0.0,0.0,3632.820479188899,279.565634951017
264684.0,23371.7,618170.0,576.0,71047.3,4331.0,29079.2,2531.0,3581.7,286.0999999999999,2219.2,2015,I,tertiaire,HÉBERGEMENT ET RESTAURATION,24.075615926592068,32.346289201725966,60.92233190835402,160.585381398785,8019.948057493333,2.271841135881989,26.945663197541588,0.0,8049.165561826757,3.3672376391611096
128735.0,23088.8,300323.0,10831.4,73459.2,8560.2,32102.5,1901.9,7958.1,3293.7,2465.2,2015,J,tertiaire,INFORMATION ET COMMUNICATION,24.075615926592068,32.346289201725966,60.92233190835402,160.585381398785,8019.948057493333,2.271841135881989,26.945663197541588,0.0,8049.165561826757,3.6254686444311517
141072.0,17518.4,166084.0,4644.1,50432.9,4436.1,23503.4,63491.5,78272.7,58881.6,4729.599999999999,2015,K,tertiaire,ACTIVITÉS FINANCIÈRES ET D'ASSURANCE,24.075615926592068,32.346289201725966,60.92233190835402,160.585381398785,8019.948057493333,2.271841135881989,26.945663197541588,0.0,8049.165561826757,9.82847199927764
244254.0,8722.900000000001,145247.0,634.0999999999999,62549.5,21429.6,34522.3,11853.5,17727.9,9317.9,27399.6,2015,L,tertiaire,ACTIVITÉS IMMOBILIÈRES,24.075615926592068,32.346289201725966,60.92233190835402,160.585381398785,8019.948057493333,2.271841135881989,26.945663197541588,0.0,8049.165561826757,6.769407837234739
463104.0,55037.6,697671.0,21002.2,155225.3,17681.9,73509.6,30660.9,40371.8,31106.0,5244.6,2015,M,tertiaire,"ACTIVITÉS SPÉCIALISÉES, SCIENTIFIQUES ET TECHNIQUES",24.075615926592068,32.346289201725966,60.92233190835402,160.585381398785,8019.948057493333,2.271841135881989,26.945663197541588,0.0,8049.165561826757,11.092536340891881
195202.0,31198.9,507690.0,11790.4,99642.6,11899.8,44160.1,4168.4,11684.9,12216.1,14901.2,2015,N,tertiaire,ACTIVITÉS DE SERVICES ADMINISTRATIFS ET DE SOUTIEN,24.075615926592068,32.346289201725966,60.92233190835402,160.585381398785,8019.948057493333,2.271841135881989,26.945663197541588,0.0,8049.165561826757,6.451443269719404
135464.0,4712.4,90251.0,472.2000000000001,12245.8,1171.5,5976.9,558.1999999999999,1023.9,831.5999999999999,503.5,2015,P,tertiaire,ENSEIGNEMENT,24.075615926592068,32.346289201725966,60.92233190835402,160.585381398785,8019.948057493333,2.271841135881989,26.945663197541588,0.0,8049.165561826757,0.8744178687377668
454924.0,25350.6,358129.0,140.5,77534.9,27299.5,55313.8,25427.5,26607.4,25941.7,1336.2,2015,Q,tertiaire,SANTÉ HUMAINE ET ACTION SOCIALE,24.075615926592068,32.346289201725966,60.92233190835402,160.585381398785,8019.948057493333,2.271841135881989,26.945663197541588,0.0,8049.165561826757,7.676405342651389
211230.0,5028.9,82639.0,634.9,15657.7,1740.9,6692.4,850.9,1582.1,744.9000000000001,1518.9,2015,R,tertiaire,"ARTS, SPECTACLES ET ACTIVITÉS RÉCRÉATIVES",24.075615926592068,32.346289201725966,60.92233190835402,160.585381398785,8019.948057493333,2.271841135881989,26.945663197541588,0.0,8049.165561826757,1.2105308686593903
218603.0,6946.4,184730.0,408.7,18317.3,1824.0,8997.5,1161.3,1659.6999999999998,1300.3,902.2,2015,S,tertiaire,AUTRES ACTIVITÉS DE SERVICES,24.075615926592068,32.346289201725966,60.92233190835402,160.585381398785,8019.948057493333,2.271841135881989,26.945663197541588,0.0,8049.165561826757,1.4319043894169574
5032.0,165.2,3336.0,116.6,970.4,74.4,246.5,55.4,74.8,29.0,98.2,2016,A,agriculture,"AGRICULTURE, SYLVICULTURE ET PÊCHE",85.40293917268855,11.438521078776674,38894.73003026396,35067.31538810607,2.3726755418478898,0.0,0.0,0.0,2.3726755418478898,170.80825102091893
1667.0,973.6,12663.0,843.0999999999999,4731.7,68.69999999999999,1184.1999999999998,48.7,-187.20000000000005,-615.0,520.6,2016,B,energie,INDUSTRIES EXTRACTIVES,50.017881604436944,48.21560549102877,1279.356240847657,310.59249447233697,6.721954878731566,0.0,205.60542320945376,0.0,212.32737808818533,3.4249692137474868
214690.0,67983.2,1332518.0,76082.2,322746.3,20040.0,92597.9,9876.6,16150.3,13316.8,12669.1,2016,C,indus_manu,INDUSTRIE MANUFACTURIÈRE,85.30318070050382,76.44170478898555,286.76341291956334,1132.5038560367857,4372.453833014646,1956.9255918401425,275.5448058424513,5.838358196000003,6610.762588893239,176.3856779362322
29670.0,561.4000000000001,6975.0,1690.4,19022.9,4349.1,5191.799999999999,472.7,2918.8,955.2,5067.1,2016,D,energie,"PRODUCTION ET DISTRIBUTION D'ÉLECTRICITÉ, DE GAZ, DE VAPEUR ET D'AIR CONDITIONNÉ",50.017881604436944,48.21560549102877,1279.356240847657,310.59249447233697,6.721954878731566,0.0,205.60542320945376,0.0,212.32737808818533,96.82312137321459
13447.0,3544.0,73287.0,1566.4,19037.6,2036.0,5957.299999999999,696.5,1754.0,718.6,2828.2,2016,E,dechets,"PRODUCTION ET DISTRIBUTION D'EAU ; ASSAINISSEMENT, GESTION DES DÉCHETS ET DÉPOLLUTION",15.185704086668329,1.236305256285032,13557.490544430091,391.9082859532016,0.0,0.0,0.0,0.0,0.0,30.37140817333665
506865.0,51975.7,989096.0,2736.5,209813.4,11624.8,65639.6,8677.7,11046.4,10398.4,6303.0,2016,F,construction,CONSTRUCTION,3.492248651753372,3.9079716785877134,6.656696972518618,338.76761821916426,70.29871164265973,0.0,0.0,0.0,70.29871164265973,7.886242068818088
759171.0,87837.9,1697489.0,100875.3,883131.0,29289.8,128042.9,18680.1,23871.9,24638.6,12614.1,2016,G,tertiaire,COMMERCE ; RÉPARATION D'AUTOMOBILES ET DE MOTOCYCLES,23.00121737439132,30.995843528104672,58.54267122224567,155.46192137351525,7749.7434841840495,5.44944113588199,25.428635797661848,0.0,7780.621561117594,19.8720263114144
115294.0,21285.6,442447.0,10877.1,82073.1,5529.9,27401.2,3010.5,4275.2,3360.7,5089.4,2016,H,transport,TRANSPORTS ET ENTREPOSAGE,138.5380974366533,133.47434721157418,154.14440361434805,1322.3568052431356,3587.249016221572,0.0,0.0,0.0,3587.249016221572,280.6634438895281
270643.0,24508.5,659241.0,625.9,73656.29999999999,3654.5,29502.1,2455.6,-736.9,-744.7000000000003,4371.0,2016,I,tertiaire,HÉBERGEMENT ET RESTAURATION,23.00121737439132,30.995843528104672,58.54267122224567,155.46192137351525,7749.7434841840495,5.44944113588199,25.428635797661848,0.0,7780.621561117594,3.183833703490181
133540.0,24181.1,314339.0,11545.4,75987.6,8669.2,33420.0,2856.8,8018.4,3497.9,2830.8,2016,J,tertiaire,INFORMATION ET COMMUNICATION,23.00121737439132,30.995843528104672,58.54267122224567,155.46192137351525,7749.7434841840495,5.44944113588199,25.428635797661848,0.0,7780.621561117594,3.5647161909313465
149925.0,18160.5,160190.0,5044.2,52618.3,4050.8,23781.800000000003,65009.5,65820.0,57796.4,4825.9,2016,K,tertiaire,ACTIVITÉS FINANCIÈRES ET D'ASSURANCE,23.00121737439132,30.995843528104672,58.54267122224567,155.46192137351525,7749.7434841840495,5.44944113588199,25.428635797661848,0.0,7780.621561117594,8.998767748873913
275261.0,9873.0,149960.0,696.0,67973.79999999999,22892.7,37562.9,16260.6,21629.7,13081.8,30601.2,2016,L,tertiaire,ACTIVITÉS IMMOBILIÈRES,23.00121737439132,30.995843528104672,58.54267122224567,155.46192137351525,7749.7434841840495,5.44944113588199,25.428635797661848,0.0,7780.621561117594,7.070929005193856
481549.0,57244.4,692616.0,23329.300000000003,161517.4,18121.2,76121.7,30567.6,37254.9,32297.6,5925.8,2016,M,tertiaire,"ACTIVITÉS SPÉCIALISÉES, SCIENTIFIQUES ET TECHNIQUES",23.00121737439132,30.995843528104672,58.54267122224567,155.46192137351525,7749.7434841840495,5.44944113588199,25.428635797661848,0.0,7780.621561117594,10.640097313050289
212533.0,33926.8,525528.0,10574.2,100172.9,10940.6,46020.4,3787.3,11401.2,4924.5,13829.8,2016,N,tertiaire,ACTIVITÉS DE SERVICES ADMINISTRATIFS ET DE SOUTIEN,23.00121737439132,30.995843528104672,58.54267122224567,155.46192137351525,7749.7434841840495,5.44944113588199,25.428635797661848,0.0,7780.621561117594,5.597599392216207
142712.0,4782.6,91053.0,513.8,12748.1,1367.3,6224.7,734.7,1216.8,888.0,998.5,2016,P,tertiaire,ENSEIGNEMENT,23.00121737439132,30.995843528104672,58.54267122224567,155.46192137351525,7749.7434841840495,5.44944113588199,25.428635797661848,0.0,7780.621561117594,0.8953720114130875
473576.0,26137.800000000003,367822.0,137.3,79386.9,27905.4,56741.7,25880.0,27188.3,26514.1,1645.0,2016,Q,tertiaire,SANTÉ HUMAINE ET ACTION SOCIALE,23.00121737439132,30.995843528104672,58.54267122224567,155.46192137351525,7749.7434841840495,5.44944113588199,25.428635797661848,0.0,7780.621561117594,7.405221935631726
218815.0,5318.1,84867.0,974.8,17228.5,2006.9,7236.4,0.0999999999999943,1745.7,-120.1,2254.7,2016,R,tertiaire,"ARTS, SPECTACLES ET ACTIVITÉS RÉCRÉATIVES",23.00121737439132,30.995843528104672,58.54267122224567,155.46192137351525,7749.7434841840495,5.44944113588199,25.428635797661848,0.0,7780.621561117594,1.1738700301881577
225364.0,6788.200000000001,179950.0,531.4,18333.7,1966.0,8977.8,1208.2,1766.5,1292.1,1232.6,2016,S,tertiaire,AUTRES ACTIVITÉS DE SERVICES,23.00121737439132,30.995843528104672,58.54267122224567,155.46192137351525,7749.7434841840495,5.44944113588199,25.428635797661848,0.0,7780.621561117594,1.36987497492378
4549.0,138.6,2756.0,67.0,723.5,70.4,214.9,33.1,73.5,15.4,87.9,2017,A,agriculture,"AGRICULTURE, SYLVICULTURE ET PÊCHE",85.31290348341696,11.008025870090238,38522.79630310703,35779.33427455972,2.747035659958907,0.0,0.0,0.0,2.747035659958907,170.62855400249387
1262.0,463.8,7677.0,204.1,2293.0,191.7,712.9000000000001,655.0,4182.891250000001,703.0,229.1,2017,B,energie,INDUSTRIES EXTRACTIVES,53.63488353662926,51.921919348703945,1189.577301309709,339.3390582842837,6.085709958700684,0.0,177.96211837262263,0.0,184.0478283313233,44.64437912103756
199535.0,50635.9,991128.0,34124.2,194213.9,12808.9,65950.4,7381.3,9581.7,8206.699999999999,8258.5,2017,C,indus_manu,INDUSTRIE MANUFACTURIÈRE,85.27404647323458,75.87777815341198,275.4520649824304,1761.945976867332,4143.769411903954,2095.162038594296,258.2904295161028,7.637445688000004,6504.859325702352,176.198941319901
25960.0,325.0,4837.0,93.8,5604.3,2375.6000000000004,2858.2,310.0,1901.34375,395.7,3214.5,2017,D,energie,"PRODUCTION ET DISTRIBUTION D'ÉLECTRICITÉ, DE GAZ, DE VAPEUR ET D'AIR CONDITIONNÉ",53.63488353662926,51.921919348703945,1189.577301309709,339.3390582842837,6.085709958700684,0.0,177.96211837262263,0.0,184.0478283313233,62.809435780552285
11131.0,2126.4,47613.0,1046.8,10114.3,1108.0,3331.2,388.6,937.3,365.2000000000001,2073.8,2017,E,dechets,"PRODUCTION ET DISTRIBUTION D'EAU ; ASSAINISSEMENT, GESTION DES DÉCHETS ET DÉPOLLUTION",15.479683116921374,1.370784101062176,13691.685147067965,417.2138687912319,0.0,0.0,0.0,0.0,0.0,30.959366233842744
470992.0,49536.6,945606.0,2481.8,182437.1,11754.7,63066.600000000006,7896.2,10636.4,9177.3,6076.9,2017,F,construction,CONSTRUCTION,3.5982776057694155,4.025283081904654,6.902520635053673,350.70493410801936,69.39802139216523,0.0,0.0,0.0,69.39802139216523,8.119964185201473
684287.0,69597.1,1350262.0,39471.2,529104.4,20491.9,94440.4,12528.9,16095.0,15098.8,9757.1,2017,G,tertiaire,COMMERCE ; RÉPARATION D'AUTOMOBILES ET DE MOTOCYCLES,23.735412321103087,31.377272791345344,60.61578266733893,156.98110551429153,7392.834725271857,6.629341135881991,24.79951565288921,0.0,7424.263582060627,20.21087097061705
113042.0,15415.4,322293.0,5868.7,52732.7,3566.9,19466.300000000003,2100.0,3077.6,2239.5,3338.8,2017,H,transport,TRANSPORTS ET ENTREPOSAGE,138.83225807659704,133.97379544535545,154.18683853651342,1313.0916490358911,3391.1841436691984,0.0,0.0,0.0,3391.1841436691984,281.0557002968633
256375.0,23758.0,642206.0,641.0,69014.5,4092.1,29064.9,2635.1,3421.7,275.1000000000004,3386.5,2017,I,tertiaire,HÉBERGEMENT ET RESTAURATION,23.735412321103087,31.377272791345344,60.61578266733893,156.98110551429153,7392.834725271857,6.629341135881991,24.79951565288921,0.0,7424.263582060627,4.359977076308604
126526.0,19828.2,256865.0,6807.6,47453.2,4313.0,24318.2,1637.8,4321.8,1412.6,1698.1,2017,J,tertiaire,INFORMATION ET COMMUNICATION,23.735412321103087,31.377272791345344,60.61578266733893,156.98110551429153,7392.834725271857,6.629341135881991,24.79951565288921,0.0,7424.263582060627,3.635344648631722
96308.0,6730.799999999999,72538.0,1426.9,19036.4,2239.1,9584.5,9950.5,14443.0,8272.2,2942.0059999999994,2017,K,tertiaire,ACTIVITÉS FINANCIÈRES ET D'ASSURANCE,23.735412321103087,31.377272791345344,60.61578266733893,156.98110551429153,7392.834725271857,6.629341135881991,24.79951565288921,0.0,7424.263582060627,3.799114824190981
235014.0,7370.0,114221.0,432.4,44344.3,11982.2,21819.800000000003,7099.7,10100.5,5271.5,22969.351999999995,2017,L,tertiaire,ACTIVITÉS IMMOBILIÈRES,23.735412321103087,31.377272791345344,60.61578266733893,156.98110551429153,7392.834725271857,6.629341135881991,24.79951565288921,0.0,7424.263582060627,6.712971911979645
461516.0,46022.9,573687.0,9528.9,115166.7,15589.8,63244.4,14963.1,17061.4,16127.6,4386.4,2017,M,tertiaire,"ACTIVITÉS SPÉCIALISÉES, SCIENTIFIQUES ET TECHNIQUES",23.735412321103087,31.377272791345344,60.61578266733893,156.98110551429153,7392.834725271857,6.629341135881991,24.79951565288921,0.0,7424.263582060627,11.090056184407787
191445.0,23929.9,414575.0,5511.299999999999,59359.600000000006,4682.2,29045.6,2772.4,4371.6,2914.3,4651.7,2017,N,tertiaire,ACTIVITÉS DE SERVICES ADMINISTRATIFS ET DE SOUTIEN,23.735412321103087,31.377272791345344,60.61578266733893,156.98110551429153,7392.834725271857,6.629341135881991,24.79951565288921,0.0,7424.263582060627,4.754745471191691
134412.0,4352.5,86286.0,354.3,11549.4,1382.8,5813.299999999999,826.0,1212.8,867.8,800.5,2017,P,tertiaire,ENSEIGNEMENT,23.735412321103087,31.377272791345344,60.61578266733893,156.98110551429153,7392.834725271857,6.629341135881991,24.79951565288921,0.0,7424.263582060627,1.1524275039603253
478216.0,22729.1,273936.0,100.6,72022.8,27711.3,52896.600000000006,26220.1,27340.0,26476.0,1413.1,2017,Q,tertiaire,SANTÉ HUMAINE ET ACTION SOCIALE,23.735412321103087,31.377272791345344,60.61578266733893,156.98110551429153,7392.834725271857,6.629341135881991,24.79951565288921,0.0,7424.263582060627,11.45908525913966
143479.0,4036.5,73704.0,430.7,12827.3,1667.1,5482.5,823.1,1509.1,726.2,1376.2,2017,R,tertiaire,"ARTS, SPECTACLES ET ACTIVITÉS RÉCRÉATIVES",23.735412321103087,31.377272791345344,60.61578266733893,156.98110551429153,7392.834725271857,6.629341135881991,24.79951565288921,0.0,7424.263582060627,1.2456770055749629
214252.0,6378.7,173695.0,334.7,17032.800000000003,1907.4,8460.7,1109.7,1747.6,1176.8000000000002,1193.7,2017,S,tertiaire,AUTRES ACTIVITÉS DE SERVICES,23.735412321103087,31.377272791345344,60.61578266733893,156.98110551429153,7392.834725271857,6.629341135881991,24.79951565288921,0.0,7424.263582060627,1.758538308748887
4204.0,221.7,4471.0,213.1,1341.4,104.1,334.6,54.9,101.5,33.9,117.3,2018,A,agriculture,"AGRICULTURE, SYLVICULTURE ET PÊCHE",84.08119056518372,11.171789869562293,38087.59861150984,34819.05504845163,2.747035659958907,0.0,0.0,0.0,2.747035659958907,168.1651281660274
1104.0,429.0,7133.0,194.2,2155.5,179.89999999999998,657.4,-15.3,4182.891250000001,94.3,496.9210000000001,2018,B,energie,INDUSTRIES EXTRACTIVES,44.97976071303427,43.38381052347572,1129.9456876398278,271.5451470345955,4.698372261810366,0.0,189.7609826223158,0.0,194.45935488412616,27.63794986679136
201294.0,49938.6,947961.0,33241.8,193223.0,12717.7,65193.4,6219.2,10605.1,7039.0,8288.7,2018,C,indus_manu,INDUSTRIE MANUFACTURIÈRE,84.65350153628825,76.408604491054,270.0030055343447,1194.8551566100546,3711.498771456756,1998.2504719354008,217.56120437129536,12.250677260000003,5939.56112502345,174.40608643953357
26915.0,333.70000000000005,5019.0,113.0,5969.6,2687.7,3204.6,542.0,1901.34375,496.0,1620.0,2018,D,energie,"PRODUCTION ET DISTRIBUTION D'ÉLECTRICITÉ, DE GAZ, DE VAPEUR ET D'AIR CONDITIONNÉ",44.97976071303427,43.38381052347572,1129.9456876398278,271.5451470345955,4.698372261810366,0.0,189.7609826223158,0.0,194.45935488412616,62.5160309141613
11506.0,2061.0,46297.0,873.5,10089.9,1465.8000000000002,3590.6000000000004,477.9,648.1,406.4,3287.8900000000003,2018,E,dechets,"PRODUCTION ET DISTRIBUTION D'EAU ; ASSAINISSEMENT, GESTION DES DÉCHETS ET DÉPOLLUTION",15.041455564107594,1.1285245760528964,13488.19174942716,424.73923862753816,0.0,0.0,0.0,0.0,0.0,30.082911128215187
472074.0,50696.600000000006,947303.0,3184.4,190421.2,12323.6,64968.4,7987.8,11109.3,9307.5,6283.1,2018,F,construction,CONSTRUCTION,3.56724937545889,3.987488254492085,6.940675048870977,344.75709904043924,68.54110494388503,0.0,0.0,0.0,68.54110494388503,8.043517613928055
679342.0,70248.4,1333237.0,38648.6,531443.9,21429.1,96208.8,12882.7,17794.7,15328.5,9767.8,2018,G,tertiaire,COMMERCE ; RÉPARATION D'AUTOMOBILES ET DE MOTOCYCLES,23.10623281342317,30.038249012818955,58.86348204861046,156.73605323114603,6684.751032604727,6.232591135881989,25.43304037541828,0.0,6716.416664116027,18.68327827538529
134085.0,15689.7,320111.0,5803.9,53557.8,3319.4,19519.2,2020.1,2887.5,1943.1,3556.4,2018,H,transport,TRANSPORTS ET ENTREPOSAGE,135.87278529099655,131.34514188300955,153.80326632419963,1268.263058085868,3105.577083576978,0.0,0.0,0.0,3105.577083576978,274.8511476655701
258110.0,24700.4,613684.0,494.2,72719.79999999999,4394.599999999999,30462.4,2257.9,3860.9,275.5000000000002,6311.700000000001,2018,I,tertiaire,HÉBERGEMENT ET RESTAURATION,23.10623281342317,30.038249012818955,58.86348204861046,156.73605323114603,6684.751032604727,6.232591135881989,25.43304037541828,0.0,6716.416664116027,4.401083215115762
134373.0,21171.9,263631.0,7241.8,49365.6,3861.2,25246.0,1373.1,3938.4,974.3,1719.5,2018,J,tertiaire,INFORMATION ET COMMUNICATION,23.10623281342317,30.038249012818955,58.86348204861046,156.73605323114603,6684.751032604727,6.232591135881989,25.43304037541828,0.0,6716.416664116027,3.386016747379938
101640.0,6723.4,70101.0,1194.0,18117.2,2166.4,9549.2,22799.7,26402.4,23734.9,2117.3,2018,K,tertiaire,ACTIVITÉS FINANCIÈRES ET D'ASSURANCE,23.10623281342317,30.038249012818955,58.86348204861046,156.73605323114603,6684.751032604727,6.232591135881989,25.43304037541828,0.0,6716.416664116027,5.4508963032745035
213341.0,7453.1,115576.0,528.0,47112.2,12196.8,22314.300000000003,9509.9,12429.8,6635.700000000001,18797.300000000003,2018,L,tertiaire,ACTIVITÉS IMMOBILIÈRES,23.10623281342317,30.038249012818955,58.86348204861046,156.73605323114603,6684.751032604727,6.232591135881989,25.43304037541828,0.0,6716.416664116027,5.987402258456666
488767.0,47376.0,570940.0,9439.9,120134.3,17359.0,66571.5,18627.7,20584.800000000003,17468.4,5386.2,2018,M,tertiaire,"ACTIVITÉS SPÉCIALISÉES, SCIENTIFIQUES ET TECHNIQUES",23.10623281342317,30.038249012818955,58.86348204861046,156.73605323114603,6684.751032604727,6.232591135881989,25.43304037541828,0.0,6716.416664116027,10.726959543258344
200858.0,24724.1,420281.0,5475.799999999999,61435.6,4812.3,30109.4,2300.0,4404.1,2505.7,4648.4,2018,N,tertiaire,ACTIVITÉS DE SERVICES ADMINISTRATIFS ET DE SOUTIEN,23.10623281342317,30.038249012818955,58.86348204861046,156.73605323114603,6684.751032604727,6.232591135881989,25.43304037541828,0.0,6716.416664116027,4.3995358302131375
141531.0,4392.4,85748.0,399.1,11906.3,1414.5,5900.5,801.9000000000001,1294.9,870.8,869.3000000000001,2018,P,tertiaire,ENSEIGNEMENT,23.10623281342317,30.038249012818955,58.86348204861046,156.73605323114603,6684.751032604727,6.232591135881989,25.43304037541828,0.0,6716.416664116027,1.0843980303880956
493380.0,22968.1,261782.0,114.1,72738.4,27842.9,53754.7,26295.9,27494.6,26513.0,1432.9,2018,Q,tertiaire,SANTÉ HUMAINE ET ACTION SOCIALE,23.10623281342317,30.038249012818955,58.86348204861046,156.73605323114603,6684.751032604727,6.232591135881989,25.43304037541828,0.0,6716.416664116027,9.848878286715841
143989.0,4259.9,74651.0,474.0,13610.0,1807.7,5874.7,970.3,1629.4,784.5,1621.1,2018,R,tertiaire,"ARTS, SPECTACLES ET ACTIVITÉS RÉCRÉATIVES",23.10623281342317,30.038249012818955,58.86348204861046,156.73605323114603,6684.751032604727,6.232591135881989,25.43304037541828,0.0,6716.416664116027,1.2161576990939613
221445.0,6369.700000000001,173755.0,299.20000000000005,16940.2,1850.7,8422.9,1034.5,1778.9,1049.8,1239.9,2018,S,tertiaire,AUTRES ACTIVITÉS DE SERVICES,23.10623281342317,30.038249012818955,58.86348204861046,156.73605323114603,6684.751032604727,6.232591135881989,25.43304037541828,0.0,6716.416664116027,1.6083085004724007
3954.0,132.32,2348.0,69.02,660.58,54.78,192.47,12.58,54.15,-1.91,92.23,2019,A,agriculture,"AGRICULTURE, SYLVICULTURE ET PÊCHE",83.06620682813137,11.01212050603604,37473.88608509975,34577.45320133563,2.747035659958907,0.0,0.0,0.0,2.747035659958907,166.13516069192272
1025.0,427.51,7154.0,204.6,2134.07,202.24,683.18,-3.1000000000000014,125.43,32.23,247.51,2019,B,energie,INDUSTRIES EXTRACTIVES,42.47955520246138,40.964289835955256,1057.515398677093,282.6894053428474,3.711063064964971,0.0,171.34949942122927,0.0,175.06056248619424,18.733992627892377
207688.0,50622.380000000005,954329.0,32934.66,195127.4,13040.72,66114.75,6669.08,11127.61,7568.04,8596.27,2019,C,indus_manu,INDUSTRIE MANUFACTURIÈRE,81.82537509332676,74.1749143323012,258.9468163016938,994.083162090973,3535.639811990988,1810.7095920034967,183.8007623663333,10.290631532000004,5540.440797892819,168.33420099980626
29062.0,366.79,5352.0,114.37,6715.71,3014.85,3442.06,830.0600000000001,2198.65,738.71,3135.7200000000003,2019,D,energie,"PRODUCTION ET DISTRIBUTION D'ÉLECTRICITÉ, DE GAZ, DE VAPEUR ET D'AIR CONDITIONNÉ",42.47955520246138,40.964289835955256,1057.515398677093,282.6894053428474,3.711063064964971,0.0,171.34949942122927,0.0,175.06056248619424,66.40017833951659
10703.0,2009.19,43526.0,1099.66,9799.66,1000.05,3092.37,375.96,832.53,354.46,2373.51,2019,E,dechets,"PRODUCTION ET DISTRIBUTION D'EAU ; ASSAINISSEMENT, GESTION DES DÉCHETS ET DÉPOLLUTION",15.284860033686186,1.099005342085066,13761.893291000406,423.96140060071576,0.0,0.0,0.0,0.0,0.0,30.569720067372373
486531.0,52387.81,972025.0,3217.63,202566.4,14734.3,69065.63,10045.8,12959.2,11716.96,8793.67,2019,F,construction,CONSTRUCTION,3.6288737311114687,4.057368723481501,7.0084989940626965,353.6312549451524,67.85523843081721,0.0,0.0,0.0,67.85523843081721,8.18259268539382
673272.0,71278.54000000001,1364092.0,38578.28,541002.35,22227.14,97875.42,13165.04,17894.8,16607.8,10291.05,2019,G,tertiaire,COMMERCE ; RÉPARATION D'AUTOMOBILES ET DE MOTOCYCLES,22.898621326340315,28.996148898983986,58.25162384408991,156.3354322137979,5852.891225270645,4.8,25.24929131514041,0.0,5882.940516585785,17.76707528413352
145328.0,16139.91,332026.0,5328.07,55618.1,3890.83,20535.04,2532.48,3370.8,2552.42,3649.2,2019,H,transport,TRANSPORTS ET ENTREPOSAGE,135.86779003626174,131.63325689897016,157.47425742094458,1257.1041493821583,2819.954730488504,0.0,0.0,0.0,2819.954730488504,274.555534803012
264682.0,26198.0,659149.0,567.8199999999999,75953.18,4168.08,31687.47,2546.63,3493.45,295.9300000000003,9396.38,2019,I,tertiaire,HÉBERGEMENT ET RESTAURATION,22.898621326340315,28.996148898983986,58.25162384408991,156.3354322137979,5852.891225270645,4.8,25.24929131514041,0.0,5882.940516585785,4.474032700841191
147175.0,21915.23,262145.0,7595.16,51415.46000000001,4427.6,26578.05,2000.36,4733.75,1181.9,2539.2200000000003,2019,J,tertiaire,INFORMATION ET COMMUNICATION,22.898621326340315,28.996148898983986,58.25162384408991,156.3354322137979,5852.891225270645,4.8,25.24929131514041,0.0,5882.940516585785,3.4570108962597628
114679.0,7577.879999999999,78870.0,1365.7600000000002,22429.43,2367.2,10693.64,18736.97,20252.08,18182.28,2803.96,2019,K,tertiaire,ACTIVITÉS FINANCIÈRES ET D'ASSURANCE,22.898621326340315,28.996148898983986,58.25162384408991,156.3354322137979,5852.891225270645,4.8,25.24929131514041,0.0,5882.940516585785,4.589912125631926
219130.0,7514.429999999999,115250.0,502.42,45565.96,12252.25,22281.04,10901.54,13616.69,8336.35,18408.92,2019,L,tertiaire,ACTIVITÉS IMMOBILIÈRES,22.898621326340315,28.996148898983986,58.25162384408991,156.3354322137979,5852.891225270645,4.8,25.24929131514041,0.0,5882.940516585785,5.698811135921701
526909.0,49997.36,593448.0,9699.82,124831.27,17326.93,69123.2,17413.63,19415.76,18205.85,6407.1,2019,M,tertiaire,"ACTIVITÉS SPÉCIALISÉES, SCIENTIFIQUES ET TECHNIQUES",22.898621326340315,28.996148898983986,58.25162384408991,156.3354322137979,5852.891225270645,4.8,25.24929131514041,0.0,5882.940516585785,10.372418613757503
217259.0,26077.75,435329.0,5936.860000000001,65437.96000000001,3843.54,30456.3,1021.8,3382.84,1311.45,5594.63,2019,N,tertiaire,ACTIVITÉS DE SERVICES ADMINISTRATIFS ET DE SOUTIEN,22.898621326340315,28.996148898983986,58.25162384408991,156.3354322137979,5852.891225270645,4.8,25.24929131514041,0.0,5882.940516585785,4.053480018388999
153923.0,4405.1,87766.0,335.19,12321.54,1460.3,5939.0,777.75,1291.52,864.25,981.78,2019,P,tertiaire,ENSEIGNEMENT,22.898621326340315,28.996148898983986,58.25162384408991,156.3354322137979,5852.891225270645,4.8,25.24929131514041,0.0,5882.940516585785,1.0400362948208228
510198.0,23652.76,267317.0,155.74,75083.39,28477.69,55225.78,26687.17,27941.69,27173.38,1832.92,2019,Q,tertiaire,SANTÉ HUMAINE ET ACTION SOCIALE,22.898621326340315,28.996148898983986,58.25162384408991,156.3354322137979,5852.891225270645,4.8,25.24929131514041,0.0,5882.940516585785,9.68217935678395
150476.0,4457.62,80037.0,538.88,14247.04,1786.86,6016.0,913.36,1626.4899999999998,717.8100000000001,1793.05,2019,R,tertiaire,"ARTS, SPECTACLES ET ACTIVITÉS RÉCRÉATIVES",22.898621326340315,28.996148898983986,58.25162384408991,156.3354322137979,5852.891225270645,4.8,25.24929131514041,0.0,5882.940516585785,1.1658997913002282
236833.0,6327.25,176933.0,240.9,16696.92,1980.21,8492.52,1376.74,1898.42,1396.9499999999998,1274.24,2019,S,tertiaire,AUTRES ACTIVITÉS DE SERVICES,22.898621326340315,28.996148898983986,58.25162384408991,156.3354322137979,5852.891225270645,4.8,25.24929131514041,0.0,5882.940516585785,1.574382096714155
3954.0,168.08363636363634,3350.6363636363635,114.63818181818182,1003.0709090909093,89.84363636363635,264.8972727272727,45.07999999999999,89.365,28.562727272727276,91.82875,2020,A,agriculture,"AGRICULTURE, SYLVICULTURE ET PÊCHE",82.953736808215,10.868895304148737,37539.165442090205,34542.92902631611,2.747035659958907,0.0,0.0,0.0,2.747035659958907,165.91022065208998
1025.0,769.4645454545455,11003.818181818182,462.0545454545455,4211.597272727273,483.95818181818174,1379.3072727272724,3248.29,4182.891250000001,3195.4529999999995,496.9210000000001,2020,B,energie,INDUSTRIES EXTRACTIVES,38.35697762256507,37.06766160659272,969.8847195996958,144.86138572037498,3.2204112310526547,0.0,171.34949942122927,0.0,174.56991065228192,33.99832947274754
207688.0,63423.00727272727,1278924.818181818,62304.560000000005,269773.3272727272,16998.371999999996,84078.845,7742.577999999999,13590.481,10144.914,10744.287,2020,C,indus_manu,INDUSTRIE MANUFACTURIÈRE,72.14371407887765,66.18713694464866,250.8341984100751,924.6337173349942,3249.46048820966,463.0828541657305,190.76188519288755,9.441654430610004,3912.746881998888,147.33181270326912
29062.0,479.61727272727273,5989.909090909091,1173.2790909090909,13417.064545454545,2782.675,3429.7759999999994,105.04600000000003,1901.34375,510.261,4937.429090909091,2020,D,energie,"PRODUCTION ET DISTRIBUTION D'ÉLECTRICITÉ, DE GAZ, DE VAPEUR ET D'AIR CONDITIONNÉ",38.35697762256507,37.06766160659272,969.8847195996958,144.86138572037498,3.2204112310526547,0.0,171.34949942122927,0.0,174.56991065228192,42.8901956830349
10703.0,2900.9809090909093,60846.36363636364,1658.1872727272728,16616.841818181816,1871.155,5079.187,746.6159999999999,1537.323,767.076,3287.8900000000003,2020,E,dechets,"PRODUCTION ET DISTRIBUTION D'EAU ; ASSAINISSEMENT, GESTION DES DÉCHETS ET DÉPOLLUTION",15.06253716611076,1.0821942591112483,13554.29444614132,426.048460858191,0.0,0.0,0.0,0.0,0.0,30.12507433222152
486531.0,52871.01100000001,1021672.2,2769.003,205404.63000000003,13085.88,68131.403,8920.619999999999,12160.27,10428.396000000002,6327.352222222222,2020,F,construction,CONSTRUCTION,3.6386506744295706,4.072831842672081,6.924289600003128,359.40164021169073,67.85523843081722,0.0,0.0,0.0,67.85523843081722,8.21351892377498
673272.0,80260.81272727273,1601671.9090909092,79609.70727272728,786993.0349999999,26959.724,116242.982,16783.214,22326.55,21472.5,10693.695000000002,2020,G,tertiaire,COMMERCE ; RÉPARATION D'AUTOMOBILES ET DE MOTOCYCLES,20.157171195239307,26.2067054389483,53.4199886507072,145.8547398097751,5820.196908489997,4.8,25.26260675851708,0.0,5850.259515248515,17.00402207143455
145328.0,19074.164545454547,402951.0909090909,8425.460909090909,71882.95,4579.293,24329.524,2089.168,3219.65,2434.522,4779.800000000001,2020,H,transport,TRANSPORTS ET ENTREPOSAGE,113.62484304732088,109.6726254070145,135.9707679614215,1052.9672191850495,2763.2796531599497,0.0,0.0,0.0,2763.2796531599497,230.0129657478018
264682.0,23073.018181818185,604380.2727272727,599.5290909090908,70214.768,4587.638000000001,29406.177000000003,2766.343,3365.494444444445,940.583,4716.364444444444,2020,I,tertiaire,HÉBERGEMENT ET RESTAURATION,20.157171195239307,26.2067054389483,53.4199886507072,145.8547398097751,5820.196908489997,4.8,25.26260675851708,0.0,5850.259515248515,3.141744202794838
147175.0,21582.52090909091,282055.0,8734.205454545458,64160.56599999999,6678.7300000000005,28919.445,1959.046,6544.035000000001,2524.26,2191.752,2020,J,tertiaire,INFORMATION ET COMMUNICATION,20.157171195239307,26.2067054389483,53.4199886507072,145.8547398097751,5820.196908489997,4.8,25.26260675851708,0.0,5850.259515248515,2.8836630407333605
114679.0,10994.58,99723.72727272728,3457.923636363636,33874.39363636364,3775.472727272727,15800.103636363638,31794.80636363636,39263.20727272728,32733.24363636364,2942.0059999999994,2020,K,tertiaire,ACTIVITÉS FINANCIÈRES ET D'ASSURANCE,20.157171195239307,26.2067054389483,53.4199886507072,145.8547398097751,5820.196908489997,4.8,25.26260675851708,0.0,5850.259515248515,5.134281199174021
219130.0,8417.73,140435.45454545456,655.2290909090908,57404.49636363636,18225.30454545455,30248.90363636364,11360.212727272728,15000.071818181816,8901.73181818182,22969.351999999995,2020,L,tertiaire,ACTIVITÉS IMMOBILIÈRES,20.157171195239307,26.2067054389483,53.4199886507072,145.8547398097751,5820.196908489997,4.8,25.26260675851708,0.0,5850.259515248515,5.326410274300186
526909.0,52257.58727272728,656934.0909090909,15595.62909090909,144881.147,17474.243,71441.26999999999,40507.123,44854.026,39358.395,5525.719999999999,2020,M,tertiaire,"ACTIVITÉS SPÉCIALISÉES, SCIENTIFIQUES ET TECHNIQUES",20.157171195239307,26.2067054389483,53.4199886507072,145.8547398097751,5820.196908489997,4.8,25.26260675851708,0.0,5850.259515248515,10.593657683605292
217259.0,28635.531818181826,469349.0,8754.578181818182,84699.386,9568.974,38887.5,5117.1,10234.324,5198.464999999999,10197.093,2020,N,tertiaire,ACTIVITÉS DE SERVICES ADMINISTRATIFS ET DE SOUTIEN,20.157171195239307,26.2067054389483,53.4199886507072,145.8547398097751,5820.196908489997,4.8,25.26260675851708,0.0,5850.259515248515,4.709169547870541
153923.0,4123.163636363636,85076.72727272728,482.1445454545455,11019.794545454544,1161.6,5362.909090909091,933.5954545454543,1037.922,1030.231818181818,614.698,2020,P,tertiaire,ENSEIGNEMENT,20.157171195239307,26.2067054389483,53.4199886507072,145.8547398097751,5820.196908489997,4.8,25.26260675851708,0.0,5850.259515248515,0.782199697077965
510198.0,22984.76909090909,313649.8181818182,148.72181818181818,71655.32636363637,25969.60818181818,51680.91636363636,24099.66090909091,25331.49,24565.934545454547,1438.6745454545455,2020,Q,tertiaire,SANTÉ HUMAINE ET ACTION SOCIALE,20.157171195239307,26.2067054389483,53.4199886507072,145.8547398097751,5820.196908489997,4.8,25.26260675851708,0.0,5850.259515248515,6.578712314623508
150476.0,4591.865454545455,77252.90909090909,539.3072727272728,14203.594545454544,1526.76,5969.8,631.9054545454545,1212.8990909090908,509.1372727272728,1343.3863636363635,2020,R,tertiaire,"ARTS, SPECTACLES ET ACTIVITÉS RÉCRÉATIVES",20.157171195239307,26.2067054389483,53.4199886507072,145.8547398097751,5820.196908489997,4.8,25.26260675851708,0.0,5850.259515248515,0.8507761787818823
236833.0,7054.477272727273,187035.54545454544,442.6727272727272,19017.283636363634,1927.2827272727272,9182.192727272726,1222.1672727272728,1389.7563636363636,1251.0772727272729,822.1940000000001,2020,S,tertiaire,AUTRES ACTIVITÉS DE SERVICES,20.157171195239307,26.2067054389483,53.4199886507072,145.8547398097751,5820.196908489997,4.8,25.26260675851708,0.0,5850.259515248515,1.2590341827489684
