annee,NbEntrp,Activite,SecteurDActivite,FraisPersonnel,Salaries_tps_plein,CA_exportation,CA_hors_taxe,EBE,VA_et_autres_prdts_charges,ResultatNetComptable,CapaciteAutofinancement,ResultatCourantAvantImpots,InvestCorporelsBrutsHorsApports
2009,5377.0,"Agriculture, sylviculture et pêche ",A ,251.6,5490.0,167.7,1384.4,129.6,393.9,53.5,127.6,35.3,107.9
2009,1850.0,Industries extractives ,B ,1274.6,23983.0,604.9,7382.6,1079.4,2604.0,9613.3,7797.6,7889.2,758.6
2009,207015.0,Industrie manufacturière ,C ,146617.6,2777590.0,261564.9,804010.6,33659.7,202476.7,5877.4,26703.9,19010.7,27716.9
2009,6524.0,"Production et distribution d'électricité, de gaz, de vapeur et d'air conditionné ",D ,11801.8,149172.0,14394.1,103455.6,10925.9,23997.7,7002.5,11889.0,7757.1,15754.2
2009,6627.0,"Production et distribution d'eau - assainissement, gestion des déchets et dépollution ",E ,6280.2,126938.0,2026.1,30138.2,2105.1,9369.7,1371.7,2788.3,1794.3,2278.2
2009,405286.0,Construction ,F ,66882.9,1347942.0,5544.5,250548.6,15899.4,86429.0,12033.6,15071.6,14836.2,6843.7
2009,586315.0,Commerce - réparation d'automobiles et de motocycles ,G ,119196.0,2620198.0,111991.3,1238076.7,40470.9,186709.3,24795.5,33953.8,34782.7,15747.2
2009,85250.0,Transports et entreposage ,H ,56995.5,1167704.0,34924.4,177112.9,15931.5,75110.0,1928.0,10933.8,4425.5,20565.3
2009,221642.0,Hébergement et restauration ,I ,24714.1,668252.0,2120.7,74177.7,6642.0,32924.6,3185.1,6259.5,3067.7,5503.8
2009,80910.0,Information et communication ,J ,45297.5,652610.0,13667.6,168775.1,27753.3,76339.8,7005.8,27002.2,11919.5,11613.6
2009,36716.0,Activités financières et d'assurance ,K ,7040.4,12855.0,16074.6,45136.0,4907.1,12768.1,8059.2,7373.7,8785.9,1008.8
2009,148704.0,Activités immobilières ,L ,10658.0,198018.0,1244.7,69454.8,22909.6,38282.4,11780.2,21229.6,8976.6,37569.4
2009,306402.0,"Activités spécialisées, scientifiques et techniques ",M ,66261.7,893742.0,29476.6,183360.9,16049.0,83599.1,43705.5,60913.1,48734.1,5465.8
2009,137219.0,Activités de services administratifs et de soutien ,N ,48408.1,822368.0,10791.1,123316.4,14108.5,64912.9,4509.6,15486.1,5458.0,17651.8
2009,59486.0,Enseignement ,P ,4429.8,94832.0,790.1,11280.1,963.3,5494.0,667.0,863.2,733.9,419.7
2009,352486.0,Santé humaine et action sociale ,Q ,22423.4,401177.0,308.9,69007.2,22679.3,48489.7,20832.8,21842.1,21428.8,1752.1
2009,60987.0,"Arts, spectacles et activités récréatives ",R ,4921.6,93042.0,601.5,23558.5,906.2,5839.5,492.8,781.8,437.6,1142.1
2009,157282.0,Autres activités de services ,S ,8706.8,235534.0,1001.3,24214.4,2110.8,11108.3,1555.7,2248.2,1614.0,1145.5
2010,5526.0,Exploitation forestière ,A ,265.7,5410.0,222.5,1561.1,161.7,422.5,79.7,148.8,64.3,108.9
2010,1813.0,Industries extractives ,B ,1271.3,23010.0,794.0,7531.4,1206.3,2668.9,7757.4,7164.1,7019.8,762.6
2010,212286.0,Industrie manufacturière ,C ,147277.2,2717891.0,283962.4,848986.2,47136.1,214490.0,24184.4,39174.5,32427.6,28652.7
2010,14371.0,"Production et distribution d'électricité, de gaz, de vapeur et d'air conditionné ",D ,12019.2,162756.0,14401.8,109661.3,12861.6,26082.0,2996.9,13605.4,5935.9,18419.2
2010,12205.0,"Production et distribution d'eau - assainissement, gestion des déchets et dépollution ",E ,6773.3,135428.0,2784.5,36070.0,3847.0,11433.4,2108.6,3734.0,2351.7,7674.9
2010,457080.0,Construction ,F ,68752.0,1351985.0,5099.0,256611.3,16663.4,88450.1,13208.8,17145.4,15662.2,6678.3
2010,653910.0,Commerce - réparation d'automobiles et de motocycles ,G ,122235.0,2621225.0,120788.9,1295997.2,48633.5,196888.3,33585.3,44645.7,44333.0,16368.0
2010,89200.0,Transports et entreposage ,H ,58344.0,1167181.0,39904.1,192545.9,18907.2,80517.0,5983.5,13493.0,7450.1,21201.9
2010,239967.0,Hébergement et restauration ,I ,26752.5,708126.0,1609.5,80425.2,7724.6,36064.6,4109.9,7134.2,4065.3,5863.9
2010,108960.0,Information et communication ,J ,46871.5,662670.0,16037.5,177255.3,29393.3,79527.9,9041.9,27436.4,16324.3,6711.7
2010,64695.0,Activités auxiliaires de services financiers et d'assurance ,K ,10313.9,85816.0,9982.3,43710.8,7566.7,18892.7,23966.9,28183.0,46483.9,2509.1
2010,149666.0,Activités immobilières ,L ,11315.5,214926.0,654.6,77172.1,25016.6,41256.0,14539.0,21393.1,11528.2,36666.8
2010,408004.0,"Activités spécialisées, scientifiques et techniques ",M ,72594.1,928814.0,31044.9,208981.4,21013.2,95392.1,115758.0,113689.3,105889.8,6441.5
2010,165717.0,Activités de services administratifs et de soutien ,N ,52646.6,866269.0,12217.2,132864.4,15642.4,70603.2,5167.7,19044.4,7177.6,17755.5
2010,88562.0,Enseignement ,P ,4601.0,95587.0,616.2,11759.1,1038.8,5707.5,679.2,912.3,763.4,498.3
2010,371712.0,Santé humaine et action sociale ,Q ,22662.0,391029.0,266.4,70346.6,24029.8,49318.6,21497.5,22839.3,22109.6,1948.0
2010,75895.0,"Arts, spectacles et activités récréatives ",R ,5192.4,93498.0,556.1,27473.7,1927.0,8087.0,1174.4,1761.6,1112.2,1078.7
2010,200433.0,Autres activités de services ,S ,9216.6,240053.0,655.6,25659.3,2610.6,12085.5,1578.0,2475.7,1643.4,1247.9
2011,5363.0,Exploitation forestière ,A ,275.7,5534.0,236.6,1684.9,136.3,413.7,75.6,132.4,48.4,140.7
2011,1792.0,Industries extractives ,B ,1321.8,22998.0,766.5,8060.7,1260.3,2784.7,7474.1,7268.3,7434.6,847.9
2011,206998.0,Industrie manufacturière ,C ,148964.3,2677931.0,306727.0,899958.9,46320.3,215380.0,17840.9,39477.0,27634.6,31554.5
2011,16776.0,"Production et distribution d'électricité, de gaz, de vapeur et d'air conditionné ",D ,12435.4,161251.0,18452.9,110616.2,12269.1,25258.6,4382.6,14688.9,5839.9,20603.4
2011,11659.0,"Production et distribution d'eau - assainissement, gestion des déchets et dépollution ",E ,7073.7,136569.0,3596.5,37963.7,3761.9,11833.9,2741.3,3807.2,2827.3,5428.7
2011,464125.0,Construction ,F ,70686.2,1346751.0,4671.7,272077.5,16963.7,90771.0,13833.2,17794.1,16610.5,8864.5
2011,682805.0,Commerce - réparation d'automobiles et de motocycles ,G ,127932.0,2626888.0,140446.2,1391503.2,46905.1,203433.8,29134.2,41552.1,40161.2,17891.1
2011,93230.0,Transports et entreposage ,H ,58980.9,1153007.0,42169.5,199024.2,18637.8,80623.1,4206.6,12949.2,6272.3,23711.7
2011,245917.0,Hébergement et restauration ,I ,28197.9,724898.0,1760.6,84816.9,8143.3,38059.3,4229.8,7687.7,4080.7,5856.2
2011,108546.0,Information et communication ,J ,48789.7,659288.0,16853.8,181340.9,29182.3,81532.3,13158.5,29223.4,17176.4,15638.1
2011,71697.0,Activités auxiliaires de services financiers et d'assurance ,K ,10891.8,116793.0,5493.6,38052.7,5170.1,17153.2,31825.3,39200.7,32349.2,2313.7
2011,153755.0,Activités immobilières ,L ,11429.9,201319.0,582.9,78082.7,27537.1,44102.4,16742.5,25231.7,13179.8,36852.3
2011,414601.0,"Activités spécialisées, scientifiques et techniques ",M ,75652.1,963094.0,35787.1,218783.5,20618.6,98749.8,94253.0,99031.2,80598.0,8531.5
2011,167226.0,Activités de services administratifs et de soutien ,N ,56173.1,850119.0,12276.2,138958.0,15206.5,73884.6,19293.3,22750.5,9190.7,17544.4
2011,84208.0,Enseignement ,P ,4986.5,100513.0,648.3,12537.3,1127.1,6143.0,2053.5,1021.0,2101.4,499.3
2011,379437.0,Santé humaine et action sociale ,Q ,27314.1,473429.0,204.9,77667.3,23941.4,54104.8,22335.0,23140.4,22784.2,2018.0
2011,75675.0,"Arts, spectacles et activités récréatives ",R ,5550.3,98780.0,459.1,28896.4,2138.2,8326.7,1545.7,1988.8,1487.0,1248.4
2011,195657.0,Autres activités de services ,S ,9298.2,233927.0,533.2,25313.3,2322.5,11829.9,1233.2,2289.0,1266.1,1232.0
2012,5706.0,Exploitation forestière ,A ,283.3,5675.0,197.0,1687.3,122.3,416.2,55.6,116.1,33.2,126.3
2012,1718.0,Industries extractives ,B ,1279.1,21929.0,609.9,7689.0,1037.2,2525.4,7448.2,8287.9,8224.3,987.6
2012,217865.0,Industrie manufacturière ,C ,151326.1,2679830.0,312657.9,895230.4,42111.3,213885.4,17848.8,36815.3,27656.2,29969.4
2012,18554.0,"Production et distribution d'électricité, de gaz, de vapeur et d'air conditionné ",D ,13241.5,164924.0,21715.9,119308.1,15580.4,28132.0,6452.0,16573.8,7376.4,21497.4
2012,13497.0,"Production et distribution d'eau - assainissement, gestion des déchets et dépollution ",E ,7393.4,143912.0,3726.3,38211.8,3319.9,11789.0,1938.5,3220.4,1710.4,4948.2
2012,512864.0,Construction ,F ,71340.2,1358963.0,4554.7,282147.1,15120.1,89790.1,11699.9,15921.5,13350.2,7475.3
2012,710116.0,Commerce - réparation d'automobiles et de motocycles ,G ,129624.7,2653623.0,137894.9,1410516.4,41220.6,199757.7,25193.9,35483.4,36394.0,17656.0
2012,98574.0,Transports et entreposage ,H ,60612.4,1195299.0,45358.3,204000.4,19119.7,83647.5,5289.1,12966.4,6893.2,21150.0
2012,252627.0,Hébergement et restauration ,I ,29190.3,767705.0,1787.0,86606.5,5061.3,36365.9,2293.4,4585.3,2266.9,6315.2
2012,125611.0,Information et communication ,J ,50232.1,667982.0,18190.3,181288.8,26953.8,80700.1,6075.5,25452.6,11187.5,9015.7
2012,85304.0,Activités auxiliaires de services financiers et d'assurance ,K ,11923.6,132241.0,5048.3,38545.1,4734.0,17888.0,9329.0,32174.7,10525.8,2584.4
2012,228741.0,Activités immobilières ,L ,11513.1,202911.0,768.6,80995.0,26077.4,43570.7,15143.9,21705.7,11669.2,37357.8
2012,471053.0,"Activités spécialisées, scientifiques et techniques ",M ,79373.2,1000311.0,41574.1,224523.5,16137.1,98270.6,76458.8,102714.4,69665.4,7236.4
2012,191889.0,Activités de services administratifs et de soutien ,N ,56144.1,873742.0,12438.7,141322.6,15026.5,73778.8,7007.7,16524.1,6426.4,18061.0
2012,112433.0,Enseignement ,P ,4937.6,89340.0,632.1,12478.2,1113.5,6162.6,1976.3,20166.928418367344,2086.2,11137.411734693878
2012,400639.0,Santé humaine et action sociale ,Q ,27684.4,474151.0,202.2,77381.2,23037.5,54300.9,22316.9,22176.3,22975.2,1906.1
2012,200748.0,"Arts, spectacles et activités récréatives ",R ,6153.8,100632.0,501.9,32139.6,2801.2,9930.2,1899.6,2501.1,1856.9,1874.9
2012,224020.0,Autres activités de services ,S ,8752.5,220575.0,484.1,24302.1,2269.1,11339.9,1328.3,20166.928418367344,1462.7,11137.411734693878
2013,5543.0,Exploitation forestière ,A ,238.1,5095.0,198.5,1578.6,109.8,356.2,46.7,103.3,30.5,106.8
2013,1734.0,Industries extractives ,B ,1232.6,18942.0,704.2,6858.5,743.3,2173.8,5223.3,6571.2,5053.5,702.7
2013,231534.0,Industrie manufacturière ,C ,155114.4,2698238.0,313086.1,870229.8,42547.5,213011.8,19660.6,39283.1,32287.8,28761.5
2013,20769.0,"Production et distribution d'électricité, de gaz, de vapeur et d'air conditionné ",D ,13766.3,168924.0,20990.4,119531.7,17428.3,30456.6,5631.4,16700.6,7419.9,16918.2
2013,14037.0,"Production et distribution d'eau - assainissement, gestion des déchets et dépollution ",E ,7766.0,144295.0,3185.8,37535.6,3149.2,11896.6,1381.3,4309.0,1656.6,4394.5
2013,560658.0,Construction ,F ,76276.5,1407095.0,6371.9,294514.1,15012.3,94877.9,11030.6,14550.4,13189.2,8095.8
2013,777282.0,Commerce - réparation d'automobiles et de motocycles ,G ,129204.9,2638971.0,143845.9,1401058.5,39664.4,204058.2,29676.4,40537.4,38362.7,16867.9
2013,103641.0,Transports et entreposage ,H ,55668.5,1107915.0,44369.1,197947.7,20196.8,79376.0,3036.5,14830.4,7867.7,21662.0
2013,262643.0,Hébergement et restauration ,I ,29298.3,761825.0,1275.7,89337.7,7046.5,38198.4,3020.7,6189.4,2763.0,6427.7
2013,146597.0,Information et communication ,J ,52638.3,694196.0,23894.6,174255.9,24346.4,80617.6,5301.3,22018.5,10622.7,8737.6
2013,126000.0,Activités auxiliaires de services financiers et d'assurance ,K ,18633.4,192478.0,5986.4,55631.4,3804.3,24270.6,40011.7,58958.3,44606.3,3513.6
2013,224778.0,Activités immobilières ,L ,11287.7,197886.0,683.3,76164.3,25433.0,42313.2,11308.7,20161.4,8088.5,35644.6
2013,486651.0,"Activités spécialisées, scientifiques et techniques ",M ,69967.0,913576.0,26650.0,182210.7,16656.9,88904.8,28909.1,40160.7,30810.5,6503.9
2013,211733.0,Activités de services administratifs et de soutien ,N ,55111.1,880687.0,12256.0,136058.3,14538.2,72278.4,7354.0,15332.9,8612.8,16433.8
2013,144255.0,Enseignement ,P ,5485.1,94262.0,670.5,13709.4,1172.6,6625.1,699.2,1016.8,798.7,474.3
2013,428045.0,Santé humaine et action sociale ,Q ,28491.1,462411.0,174.5,82481.1,26090.4,57371.8,24051.0,25294.8,24793.2,1673.8
2013,214784.0,"Arts, spectacles et activités récréatives ",R ,6298.5,103459.0,651.4,32348.6,2985.2,10361.4,1773.3,2646.1,1834.9,1751.1
2013,253673.0,Autres activités de services ,S ,8548.9,215068.0,486.3,23288.3,2219.6,11098.1,1225.9,1957.6,1347.9,1126.5
2014,5543.0,Exploitation forestière ,A ,257.1,5311.0,218.7,1743.4,104.8,373.5,51.7,99.1,37.8,161.6
2014,1888.0,Industries extractives ,B ,1255.3,19153.0,727.6,6681.6,578.7,2040.3,3843.0,4366.7,4116.6,507.6
2014,235092.0,Industrie manufacturière ,C ,154863.7,2659467.0,318455.3,868884.0,46156.3,216478.4,28774.6,41112.2,37641.9,28541.8
2014,24883.0,"Production et distribution d'électricité, de gaz, de vapeur et d'air conditionné ",D ,13907.2,172271.0,18712.8,112204.8,16394.4,28812.9,3840.3,15771.1,3950.4,17627.6
2014,12855.0,"Production et distribution d'eau - assainissement, gestion des déchets et dépollution ",E ,7747.5,147533.0,2919.7,37208.9,2943.6,11561.0,1227.2,2969.2,1085.2,4352.1
2014,575733.0,Construction ,F ,74803.6,1366615.0,7173.0,288852.7,13862.2,92206.1,9894.2,13442.3,13004.2,7742.9
2014,802304.0,Commerce - réparation d'automobiles et de motocycles ,G ,130572.6,2648612.0,144223.3,1392201.1,37823.8,203930.2,26346.3,40297.7,36318.0,17550.5
2014,106036.0,Transports et entreposage ,H ,56012.2,1110791.0,45793.0,202383.9,20614.1,80181.4,8128.9,14815.6,8214.7,21483.1
2014,272994.0,Hébergement et restauration ,I ,29587.6,777329.0,1366.4,90200.0,6670.0,38107.9,2876.2,5776.7,2178.0,6554.3
2014,152448.0,Information et communication ,J ,53837.4,698292.0,25728.0,176339.7,23894.8,81288.3,1642.0,20843.7,8633.2,8821.5
2014,133371.0,Activités auxiliaires de services financiers et d'assurance ,K ,19582.7,197279.0,6671.9,57890.7,4173.2,25659.7,60488.1,67509.4,57875.0,4355.2
2014,210735.0,Activités immobilières ,L ,11347.7,198001.0,646.3,74574.8,24020.9,41027.5,12500.7,20040.0,7482.0,36578.6
2014,515894.0,"Activités spécialisées, scientifiques et techniques ",M ,71424.2,920108.0,28481.0,187167.7,16044.1,89334.3,36405.4,47458.0,39734.4,6429.9
2014,223358.0,Activités de services administratifs et de soutien ,N ,56810.0,902531.0,11673.8,140121.2,14960.3,74417.2,6484.5,16191.0,7365.9,17746.5
2014,158623.0,Enseignement ,P ,5130.1,100333.0,697.0,13672.2,1275.9,6474.7,801.0,1105.6,925.4,481.9
2014,450493.0,Santé humaine et action sociale ,Q ,29542.8,479837.0,215.8,84952.8,26675.7,59222.6,24947.3,25855.5,25596.0,1703.3
2014,224270.0,"Arts, spectacles et activités récréatives ",R ,6498.5,106618.0,847.2,33926.6,3102.8,10753.0,1103.1,2833.5,1275.9,1407.6
2014,270225.0,Autres activités de services ,S ,8445.3,214555.0,542.9,22809.2,2255.8,11029.2,1248.4,2050.4,1374.3,1152.5
2015,5240.0,Exploitation forestière ,A ,261.4,5259.0,193.2,1723.4,138.5,409.2,78.4,129.5,63.3,134.2
2015,2095.0,Industries extractives ,B ,1223.1,17993.0,742.6,6123.9,589.9,2008.7,526.1,1709.9,712.2,462.2
2015,213303.0,Industrie manufacturière ,C ,155074.2,2623378.0,326931.1,862822.0,53067.8,223324.9,35874.6,53125.6,47910.3,30031.6
2015,27062.0,"Production et distribution d'électricité, de gaz, de vapeur et d'air conditionné ",D ,14103.0,168729.0,18854.7,110123.2,16460.0,28747.8,1491.1,16358.4,2977.8,17255.3
2015,12299.0,"Production et distribution d'eau - assainissement, gestion des déchets et dépollution ",E ,7724.8,148600.0,2720.9,37039.4,2764.5,11387.1,526.7,2639.4,861.3,4212.2
2015,494099.0,Construction ,F ,69411.5,1292407.0,6160.7,274126.3,13044.0,85639.4,8397.3,11242.7,10586.6,6563.9
2015,717265.0,Commerce - réparation d'automobiles et de motocycles ,G ,131625.8,2621826.0,140591.3,1411255.1,40796.2,208809.8,24344.7,35036.4,34226.6,18328.3
2015,106298.0,Transports et entreposage ,H ,61793.9,1132972.0,50473.1,210235.5,21391.1,86862.3,13708.396564102564,15795.1,9328.3,23035.2
2015,264793.0,Hébergement et restauration ,I ,29957.0,791561.0,1327.1,93042.1,7713.4,39511.7,2805.8,6570.5,2671.4,7264.1
2015,129025.0,Information et communication ,J ,54659.6,691988.0,27013.7,180170.3,25606.3,83929.6,7445.3,23257.5,14819.1,9266.0
2015,141134.0,Activités auxiliaires de services financiers et d'assurance ,K ,20819.9,205077.0,6904.9,61877.6,5331.3,28125.9,72731.7,87569.6,68378.7,4845.1
2015,244367.0,Activités immobilières ,L ,11414.1,196497.0,649.9,79374.1,27615.4,45224.7,13889.1,22671.8,10441.2,38417.5
2015,463476.0,"Activités spécialisées, scientifiques et techniques ",M ,75909.8,950642.0,40102.6,206306.5,17856.5,95665.5,55777.4,68841.4,55240.5,6539.4
2015,195621.0,Activités de services administratifs et de soutien ,N ,58487.5,922968.0,13299.1,147238.2,15732.2,76819.3,6890.4,15766.5,14564.1,19330.5
2015,135479.0,Enseignement ,P ,5684.1,110621.0,543.6,13395.9,1003.1,6612.5,-707.2,-26.8,-184.6,599.6
2015,455156.0,Santé humaine et action sociale ,Q ,30255.9,495281.0,172.3,87346.3,27573.1,60845.8,25766.8,26837.9,26428.2,1790.4
2015,211253.0,"Arts, spectacles et activités récréatives ",R ,6603.2,108098.0,920.7,34888.4,3147.8,10862.8,1784.8,2763.6,1858.0,1813.1
2015,218644.0,Autres activités de services ,S ,8333.2,213571.0,592.8,22906.5,2150.7,10798.0,1330.2,1963.7,1554.9,1109.3
2016,5135.0,Exploitation forestière ,A ,280.7,5674.0,217.4,1788.3,99.7,391.4,89.3,96.3,59.3,130.7
2016,1675.0,Industries extractives ,B ,1247.3,16984.0,1024.0,6336.2,217.1,1646.9,13708.396564102564,-73.9,-549.6,572.0
2016,216045.0,Industrie manufacturière ,C ,154655.9,2559504.0,378864.2,908468.3,59037.2,228914.7,43902.4,61805.4,50810.7,30981.5
2016,29686.0,"Production et distribution d'électricité, de gaz, de vapeur et d'air conditionné ",D ,14074.8,165666.0,17914.1,109832.3,16165.5,28469.0,8235.6,15671.2,6009.8,18527.0
2016,13532.0,"Production et distribution d'eau - assainissement, gestion des déchets et dépollution ",E ,7769.6,151190.0,3068.3,36950.2,3283.2,11911.6,1144.7,3075.7,1125.9,4807.5
2016,507095.0,Construction ,F ,69886.7,1276117.0,5544.2,276532.4,13465.1,86467.3,11477.0,14152.7,13917.9,7464.3
2016,760010.0,Commerce - réparation d'automobiles et de motocycles ,G ,134471.8,2649899.0,140936.9,1420579.1,44364.9,216420.2,27199.7,37679.2,37772.1,20395.3
2016,115627.0,Transports et entreposage ,H ,63469.5,1197601.0,39971.1,206789.3,21321.2,89046.2,8339.7,15333.4,10508.9,22181.8
2016,270760.0,Hébergement et restauration ,I ,31254.1,829080.0,1995.0,96043.4,7220.9,40248.6,2152.0,6084.5,2009.0,8099.2
2016,133824.0,Information et communication ,J ,56264.6,718635.0,28767.2,184960.6,26359.2,86450.5,7160.1,22912.5,10208.5,11106.6
2016,149989.0,Activités auxiliaires de services financiers et d'assurance ,K ,21637.7,200613.0,7517.2,64316.9,4823.0,28475.4,67317.1,67986.8,60448.4,4981.2
2016,275371.0,Activités immobilières ,L ,13277.7,204606.0,960.0,86400.3,29009.0,48990.7,19806.6,27489.6,15103.2,41838.9
2016,481899.0,"Activités spécialisées, scientifiques et techniques ",M ,77574.7,933427.0,39112.8,208490.6,18151.3,97436.4,61131.3,54680.0,49435.0,7137.1
2016,212980.0,Activités de services administratifs et de soutien ,N ,62448.4,951604.0,12102.1,149058.6,14766.7,79939.1,5283.6,15948.4,6765.7,19256.8
2016,142731.0,Enseignement ,P ,5783.5,109427.0,597.2,14065.3,1226.2,6849.4,-652.1,92.3,-392.2,1063.7
2016,473805.0,Santé humaine et action sociale ,Q ,31058.0,508816.0,182.4,89976.2,28619.6,62722.7,26319.5,27833.6,27054.4,2244.3
2016,218865.0,"Arts, spectacles et activités récréatives ",R ,6943.6,111488.0,1234.1,37034.4,3297.6,11337.1,-232.4,2785.7,332.1,2791.0
2016,225405.0,Autres activités de services ,S ,7963.6,205537.0,661.3,22262.5,2317.4,10582.6,1311.1,2056.5,1471.4,1458.4
2017,4690.0,Exploitation forestière ,A ,263.1,5303.0,221.0,1684.6,107.7,381.7,59.9,102.9,42.5,126.6
2017,1274.0,Industries extractives ,B ,964.5,11897.0,977.1,4613.8,186.6,1281.8,429.2,-107.2,525.1,534.8
2017,201261.0,Industrie manufacturière ,C ,175673.5,2737417.0,432788.1,1022956.6,64726.1,257467.0,68377.7,76626.9,73446.3,35406.2
2017,26004.0,"Production et distribution d'électricité, de gaz, de vapeur et d'air conditionné ",D ,17318.5,210808.0,26878.0,126594.8,16239.2,32170.1,5154.6,18727.7,6366.7,19938.2
2017,11208.0,"Production et distribution d'eau - assainissement, gestion des déchets et dépollution ",E ,8976.0,170960.0,4192.7,40297.0,3296.8,13236.7,1043.4,3044.0,1120.0,4801.2
2017,471300.0,Construction ,F ,74755.3,1325788.0,11421.2,295139.2,17490.6,95807.8,13779.3,17077.4,28679.4,10137.3
2017,685853.0,Commerce - réparation d'automobiles et de motocycles ,G ,134761.7,2627875.0,125157.0,1315218.5,44397.6,206273.7,28642.9,41626.3,35186.5,23397.4
2017,113403.0,Transports et entreposage ,H ,65280.9,1212528.0,44645.9,214834.7,21562.3,90475.9,10287.0,17105.0,9639.5,24627.1
2017,256539.0,Hébergement et restauration ,I ,32696.2,871510.0,2214.9,99627.5,9294.0,43796.7,2981.6,8094.6,3326.4,8082.0
2017,126843.0,Information et communication ,J ,60673.0,758142.0,25740.8,195802.7,30537.7,95409.1,14003.3,28191.5,17554.3,14300.1
2017,96400.0,Activités auxiliaires de services financiers et d'assurance ,K ,12822.8,135748.0,5342.0,43185.6,5985.5,20212.9,19645.1,25599.9,17642.0,3906.2
2017,235220.0,Activités immobilières ,L ,12247.0,201100.0,705.2,77607.4,24539.9,42422.8,13421.3,20931.5,9134.9,37559.8
2017,461866.0,"Activités spécialisées, scientifiques et techniques ",M ,69855.8,863629.0,28985.6,180358.1,17778.2,90454.7,25574.0,37809.8,25426.0,5912.8
2017,191875.0,Activités de services administratifs et de soutien ,N ,65026.7,921564.0,12419.7,149373.5,14973.1,82708.7,7544.4,15430.1,8407.7,18857.7
2017,134444.0,Enseignement ,P ,5738.2,107366.0,512.7,14452.2,1592.8,7230.0,786.1,1344.4,977.0,1166.8
2017,478423.0,Santé humaine et action sociale ,Q ,32578.1,536151.0,243.9,93560.7,29485.8,65218.7,27723.1,28704.8,27588.2,2640.3
2017,143518.0,"Arts, spectacles et activités récréatives ",R ,7029.0,119164.0,974.3,38662.6,3070.4,11298.2,1840.2,2793.0,1839.3,2152.9
2017,214299.0,Autres activités de services ,S ,8879.4,219153.0,1123.9,25948.8,2771.1,11980.2,1534.1,2510.3,1748.3,1848.5
2018,4205.0,Exploitation forestière ,A ,249.2,4915.0,230.0,1583.0,111.6,370.2,67.9,107.5,47.1,126.1
2018,1116.0,Industries extractives ,B ,935.8,11208.0,974.3,4579.3,214.7,1286.6,391.8,-49.2,-187.6,406.5
2018,203008.0,Industrie manufacturière ,C ,180352.0,2728508.0,452004.6,1049937.6,60695.9,258777.3,52959.8,75366.7,62280.1,37861.3
2018,26957.0,"Production et distribution d'électricité, de gaz, de vapeur et d'air conditionné ",D ,15797.7,179095.0,35099.5,116509.3,18484.6,33472.1,4322.2,20845.5,4318.7,19354.4
2018,11566.0,"Production et distribution d'eau - assainissement, gestion des déchets et dépollution ",E ,9810.5,179596.0,4242.8,43462.6,3535.7,14377.1,2229.8,4327.9,2254.0,5666.7
2018,472390.0,Construction ,F ,77734.4,1355479.0,7307.5,305431.6,19401.4,100998.5,13845.9,18204.5,16451.7,10059.8
2018,680929.0,Commerce - réparation d'automobiles et de motocycles ,G ,140297.9,2639937.0,136925.5,1354598.0,46165.4,215352.3,26701.4,51080.3,44741.8,23510.1
2018,134457.0,Transports et entreposage ,H ,65539.2,1202958.0,44063.8,216824.9,19160.5,88496.8,7528.8,15297.5,8040.1,24780.0
2018,258278.0,Hébergement et restauration ,I ,34371.1,842788.0,2086.2,104859.2,8775.3,45175.4,4521.7,8475.2,3868.2,8344.7
2018,134700.0,Information et communication ,J ,62175.1,758065.0,31021.5,203851.1,29552.2,95794.2,8978.0,27413.3,10993.6,13722.5
2018,101736.0,Activités auxiliaires de services financiers et d'assurance ,K ,14683.1,148460.0,6427.1,53527.9,6888.0,23265.5,29897.8,38948.0,31635.4,6589.0
2018,213534.0,Activités immobilières ,L ,13766.4,218697.0,1316.8,85161.5,24011.0,43776.9,14369.8,23189.5,9248.8,40286.2
2018,489116.0,"Activités spécialisées, scientifiques et techniques ",M ,70989.5,851225.0,28418.6,183441.4,20103.0,94113.1,28370.5,36954.7,27355.5,7482.4
2018,201304.0,Activités de services administratifs et de soutien ,N ,69127.9,951395.0,13056.7,154125.7,13080.4,85075.5,5709.5,14348.2,6695.9,17404.5
2018,141562.0,Enseignement ,P ,5727.4,105493.0,628.4,15222.3,1627.7,7258.0,864.4,1551.7,845.2,970.6
2018,493581.0,Santé humaine et action sociale ,Q ,33475.5,529544.0,229.1,95293.8,29582.6,66742.0,26927.9,28741.0,27456.5,2875.4
2018,144033.0,"Arts, spectacles et activités récréatives ",R ,7418.8,121092.0,1101.3,30425.7,3501.1,12182.3,4090.3,3128.3,1678.2,2651.1
2018,221489.0,Autres activités de services ,S ,8479.8,216020.0,911.7,25093.8,2613.5,11436.8,1059.1,2363.9,1221.3,1892.1
2019,4085.0,Exploitation forestière ,A ,257.16,4748.0,226.0,1676.2,128.31,394.43,74.32,122.01,57.01,131.84
2019,1040.0,Industries extractives ,B ,985.0,13419.0,672.16,4950.27,350.73,1471.6,13708.396564102564,214.77,-219.09,566.31
2019,209395.0,Industrie manufacturière ,C ,184173.9,2740094.0,461330.48,1065818.39,66498.22,268176.05,63045.63,90980.44,76611.82,38177.02
2019,29113.0,"Production et distribution d'électricité, de gaz, de vapeur et d'air conditionné ",D ,16001.97,182660.0,21592.1,120098.77,20966.15,35275.02,4502.93,17865.91,5953.19,19663.51
2019,10759.0,"Production et distribution d'eau - assainissement, gestion des déchets et dépollution ",E ,9746.25,177740.0,4515.45,43508.38,3219.12,13951.97,1757.56,3379.13,2211.95,5394.17
2019,486876.0,Construction ,F ,81515.63,1397177.0,7601.33,331699.57,21757.3,107170.3,14964.72,19912.95,18160.54,12347.33
2019,674919.0,Commerce - réparation d'automobiles et de motocycles ,G ,142820.59,2681605.0,135961.42,1385450.84,49368.44,220988.2,23263.43,50028.57,37425.29,25099.48
2019,145696.0,Transports et entreposage ,H ,66867.35,1216356.0,45928.0,224468.99,21534.75,92009.48,6821.24,17839.81,7586.68,29819.48
2019,264848.0,Hébergement et restauration ,I ,35799.18,885894.0,2336.48,109220.44,9377.27,47127.76,4119.9,8744.85,4176.62,10881.63
2019,147514.0,Information et communication ,J ,64506.93,763478.0,30261.35,211036.51,30345.65,98795.5,22270.49,30615.96,13535.01,15546.16
2019,114787.0,Activités auxiliaires de services financiers et d'assurance ,K ,17272.13,173937.0,7197.92,61105.21,8218.76,27611.43,30651.38,36106.42,32407.66,10004.31
2019,219330.0,Activités immobilières ,L ,12672.11,206986.0,647.68,79739.68,23680.32,42101.64,19063.57,25912.41,12326.52,37042.49
2019,527291.0,"Activités spécialisées, scientifiques et techniques ",M ,75448.34,887955.0,30580.15,196073.43,20782.9,99240.44,33653.48,40337.01,39166.79,9364.82
2019,217696.0,Activités de services administratifs et de soutien ,N ,69920.34,958195.0,16621.07,161680.93,14769.29,87303.6,4249.28,13479.55,6370.52,19280.66
2019,153956.0,Enseignement ,P ,5767.17,107605.0,549.22,15470.75,1651.35,7252.08,1223.99,1651.39,896.28,1147.91
2019,510395.0,Santé humaine et action sociale ,Q ,34494.22,545334.0,233.01,98180.92,30371.44,68655.64,28345.86,29125.46,28469.62,3151.85
2019,150522.0,"Arts, spectacles et activités récréatives ",R ,7764.78,129972.0,1079.21,31639.54,3597.28,12578.78,1730.3,3213.37,1591.94,2719.28
2019,236872.0,Autres activités de services ,S ,8253.45,215111.0,705.39,22975.8,2485.8,11025.32,852.45,2560.46,1135.56,1614.55
2020,4085.0,Exploitation forestière ,A ,41156.658080808076,708899.4646464647,35590.74353535354,212968.64202020204,15717.983232323231,61218.72646464646,13708.396564102564,20166.928418367344,15019.060656565656,11137.411734693878
2020,1040.0,Industries extractives ,B ,41156.658080808076,708899.4646464647,35590.74353535354,212968.64202020204,15717.983232323231,61218.72646464646,13708.396564102564,20166.928418367344,15019.060656565656,11137.411734693878
2020,209395.0,Industrie manufacturière ,C ,41156.658080808076,708899.4646464647,35590.74353535354,212968.64202020204,15717.983232323231,61218.72646464646,13708.396564102564,20166.928418367344,15019.060656565656,11137.411734693878
2020,29113.0,"Production et distribution d'électricité, de gaz, de vapeur et d'air conditionné ",D ,41156.658080808076,708899.4646464647,35590.74353535354,212968.64202020204,15717.983232323231,61218.72646464646,13708.396564102564,20166.928418367344,15019.060656565656,11137.411734693878
2020,10759.0,"Production et distribution d'eau - assainissement, gestion des déchets et dépollution ",E ,41156.658080808076,708899.4646464647,35590.74353535354,212968.64202020204,15717.983232323231,61218.72646464646,13708.396564102564,20166.928418367344,15019.060656565656,11137.411734693878
2020,486876.0,Construction ,F ,41156.658080808076,708899.4646464647,35590.74353535354,212968.64202020204,15717.983232323231,61218.72646464646,13708.396564102564,20166.928418367344,15019.060656565656,11137.411734693878
2020,674919.0,Commerce - réparation d'automobiles et de motocycles ,G ,41156.658080808076,708899.4646464647,35590.74353535354,212968.64202020204,15717.983232323231,61218.72646464646,13708.396564102564,20166.928418367344,15019.060656565656,11137.411734693878
2020,145696.0,Transports et entreposage ,H ,41156.658080808076,708899.4646464647,35590.74353535354,212968.64202020204,15717.983232323231,61218.72646464646,13708.396564102564,20166.928418367344,15019.060656565656,11137.411734693878
2020,264848.0,Hébergement et restauration ,I ,41156.658080808076,708899.4646464647,35590.74353535354,212968.64202020204,15717.983232323231,61218.72646464646,13708.396564102564,20166.928418367344,15019.060656565656,11137.411734693878
2020,147514.0,Information et communication ,J ,41156.658080808076,708899.4646464647,35590.74353535354,212968.64202020204,15717.983232323231,61218.72646464646,13708.396564102564,20166.928418367344,15019.060656565656,11137.411734693878
2020,114787.0,Activités auxiliaires de services financiers et d'assurance ,K ,41156.658080808076,708899.4646464647,35590.74353535354,212968.64202020204,15717.983232323231,61218.72646464646,13708.396564102564,20166.928418367344,15019.060656565656,11137.411734693878
2020,219330.0,Activités immobilières ,L ,41156.658080808076,708899.4646464647,35590.74353535354,212968.64202020204,15717.983232323231,61218.72646464646,13708.396564102564,20166.928418367344,15019.060656565656,11137.411734693878
2020,527291.0,"Activités spécialisées, scientifiques et techniques ",M ,41156.658080808076,708899.4646464647,35590.74353535354,212968.64202020204,15717.983232323231,61218.72646464646,13708.396564102564,20166.928418367344,15019.060656565656,11137.411734693878
2020,217696.0,Activités de services administratifs et de soutien ,N ,41156.658080808076,708899.4646464647,35590.74353535354,212968.64202020204,15717.983232323231,61218.72646464646,13708.396564102564,20166.928418367344,15019.060656565656,11137.411734693878
2020,153956.0,Enseignement ,P ,41156.658080808076,708899.4646464647,35590.74353535354,212968.64202020204,15717.983232323231,61218.72646464646,13708.396564102564,20166.928418367344,15019.060656565656,11137.411734693878
2020,510395.0,Santé humaine et action sociale ,Q ,41156.658080808076,708899.4646464647,35590.74353535354,212968.64202020204,15717.983232323231,61218.72646464646,13708.396564102564,20166.928418367344,15019.060656565656,11137.411734693878
2020,150522.0,"Arts, spectacles et activités récréatives ",R ,41156.658080808076,708899.4646464647,35590.74353535354,212968.64202020204,15717.983232323231,61218.72646464646,13708.396564102564,20166.928418367344,15019.060656565656,11137.411734693878
2020,236872.0,Autres activités de services ,S ,41156.658080808076,708899.4646464647,35590.74353535354,212968.64202020204,15717.983232323231,61218.72646464646,13708.396564102564,20166.928418367344,15019.060656565656,11137.411734693878
